,,,,,,,,,,,,,,,,,,,,,,,,,,,,,,,,,,,,,,,,,,,,,,,,,,,,,,,,,,,,,,,,,,,,,,,,,,,,,,,,,,,
,,Company Planning Overview,,,,Feb 2019,,,,,Mar 2019,,,,,,Apr 2019,,,,,May 2019,,,,,Jun 2019,,,,,,Jul 2019,,,,,,,,Aug 2019,,,,,Sep 2019,,,,,,Oct 2019,,,,,Nov 2019,,,,,Dec 2019,,,,,,Jan 2019,,,,,,,,,,,,,,,
,,Report in thousands,Report in thousands,,Feb 2019,Feb Wk. 1 2019,Feb Wk. 2 2019,Feb Wk. 3 2019,Feb Wk. 4 2019,Mar 2019,Mar Wk. 5 2019,Mar Wk. 6 2019,Mar Wk. 7 2019,Mar Wk. 8 2019,Mar Wk. 9 2019,Apr 2019,Apr Wk. 10 2019,Apr Wk. 11 2019,Apr Wk. 12 2019,Apr Wk. 13 2019,May 2019,May Wk. 14 2019,May Wk. 15 2019,May Wk. 16 2019,May Wk. 17 2019,Jun 2019,Jun Wk. 18 2019,Jun Wk. 19 2019,Jun Wk. 20 2019,Jun Wk. 21 2019,Jun Wk. 22 2019,Jul 2019,Jul Wk. 23 2019,Jul Wk. 24 2019,Jul Wk. 25 2019,Jul Wk. 26 2019,Qtr. 1 - 2019,Qtr. 2 - 2019,Spring 2019,Aug 2019,Aug Wk. 27 2019,Aug Wk. 28 2019,Aug Wk. 29 2019,Aug Wk. 30 2019,Sep 2019,Sep Wk. 31 2019,Sep Wk. 32 2019,Sep Wk. 33 2019,Sep Wk. 34 2019,Sep Wk. 35 2019,Oct 2019,Oct Wk. 36 2019,Oct Wk. 37 2019,Oct Wk. 38 2019,Oct Wk. 39 2019,Nov 2019,Nov Wk. 40 2019,Nov Wk. 41 2019,Nov Wk. 42 2019,Nov Wk. 43 2019,Dec 2019,Dec Wk. 44 2019,Dec Wk. 45 2019,Dec Wk. 46 2019,Dec Wk. 47 2019,Dec Wk. 48 2019,Jan 2019,Jan Wk. 49 2019,Jan Wk. 50 2019,Jan Wk. 51 2019,Jan Wk. 52 2019,Qtr. 3 - 2019,Qtr. 4 - 2019,Fall 2019,Year 2019,,Metrics,Channel View,Other View 1,Other View 2,Outlet View 3,Label Check,Steph's Print
Retail,TDPP,Sls Total Rtl,Retail Sales (Stores & Concierge),Actual (TY) / Forecast,"$ 22,853.3","$ 5,476.5","$ 4,662.8","$ 5,506.7","$ 7,207.3","$ 41,695.3","$ 6,706.4","$ 7,941.9","$ 7,554.5","$ 11,425.9","$ 8,066.5","$ 37,921.0","$ 9,073.8","$ 9,083.0","$ 10,140.7","$ 9,623.5","$ 38,659.5","$ 11,029.2","$ 7,271.9","$ 10,552.6","$ 9,805.8","$ 38,081.2","$ 7,915.2","$ 8,769.2","$ 5,871.7","$ 8,058.9","$ 7,466.2","$ 25,515.2","$ 6,851.4","$ 6,404.7","$ 5,868.7","$ 6,390.4","$ 102,469.6","$ 102,255.9","$ 204,725.5","$ 23,483.8","$ 6,012.2","$ 5,478.0","$ 4,436.8","$ 7,556.8","$ 44,214.5","$ 8,022.8","$ 7,777.1","$ 10,000.2","$ 7,614.1","$ 10,800.3","$ 34,336.6","$ 8,100.1","$ 9,010.8","$ 7,682.8","$ 9,542.9","$ 34,767.7","$ 7,799.6","$ 9,028.5","$ 8,310.2","$ 9,629.4","$ 37,161.1","$ 8,453.3","$ 8,315.6","$ 9,078.3","$ 6,376.9","$ 4,936.9","$ 19,816.1","$ 5,794.8","$ 4,361.3","$ 4,705.9","$ 4,954.1","$ 102,035.0","$ 91,744.9","$ 193,779.8","$ 398,505.3",,,Retail,,,,FALSE,
,TDLP,,,Forecast,"$ 26,628.0","$ 6,574.0","$ 5,102.0","$ 6,248.1","$ 8,703.9","$ 41,706.9","$ 7,677.6","$ 7,629.8","$ 7,574.8","$ 10,648.7","$ 8,176.0","$ 41,341.3","$ 8,632.9","$ 11,206.3","$ 10,985.5","$ 10,516.7","$ 40,328.1","$ 11,916.9","$ 7,455.4","$ 9,771.2","$ 11,184.6","$ 36,575.8","$ 7,684.3","$ 8,018.2","$ 5,873.5","$ 7,636.3","$ 7,363.5","$ 25,620.5","$ 7,123.0","$ 6,528.9","$ 5,639.4","$ 6,329.1","$ 109,676.2","$ 102,524.3","$ 212,200.5","$ 23,776.0","$ 6,490.1","$ 5,471.5","$ 4,310.3","$ 7,504.2","$ 43,922.3","$ 8,022.8","$ 7,506.8","$ 9,991.3","$ 7,646.1","$ 10,755.3","$ 34,336.6","$ 8,100.1","$ 9,010.8","$ 7,682.8","$ 9,542.9","$ 34,767.7","$ 7,799.6","$ 9,028.5","$ 8,310.2","$ 9,629.4","$ 37,161.1","$ 8,453.3","$ 8,315.6","$ 9,078.3","$ 6,376.9","$ 4,936.9","$ 19,816.1","$ 5,794.8","$ 4,361.3","$ 4,705.9","$ 4,954.1","$ 102,034.9","$ 91,744.9","$ 193,779.8","$ 405,980.3",,,Retail,,,,TRUE,
,TDOP,,,Plan,"$ 27,145.2","$ 6,649.0","$ 5,416.1","$ 6,519.5","$ 8,560.5","$ 43,201.6","$ 8,344.7","$ 8,645.8","$ 7,691.2","$ 10,496.3","$ 8,023.6","$ 42,748.0","$ 8,768.1","$ 12,236.1","$ 10,506.4","$ 11,237.5","$ 45,862.5","$ 15,149.6","$ 8,716.9","$ 12,163.1","$ 9,832.8","$ 40,028.3","$ 7,740.6","$ 10,158.1","$ 6,546.9","$ 8,005.8","$ 7,577.0","$ 26,834.0","$ 7,714.3","$ 6,625.2","$ 6,076.1","$ 6,418.4","$ 113,094.8","$ 112,724.8","$ 225,819.6","$ 25,900.9","$ 7,014.6","$ 5,881.5","$ 4,645.4","$ 8,359.5","$ 47,387.0","$ 8,718.0","$ 8,043.5","$ 10,666.9","$ 8,240.4","$ 11,718.2","$ 38,077.0","$ 8,938.5","$ 9,880.6","$ 8,602.9","$ 10,654.9","$ 37,260.3","$ 8,371.1","$ 10,277.4","$ 8,535.3","$ 10,076.4","$ 40,154.6","$ 9,025.5","$ 8,938.4","$ 9,903.1","$ 6,790.0","$ 5,497.6","$ 20,544.8","$ 4,303.1","$ 6,030.9","$ 5,316.1","$ 4,894.8","$ 111,365.0","$ 97,959.7","$ 209,324.6","$ 435,144.2",,,Retail,,,,TRUE,
,Var_to_Plan,,,Var to Plan,"$ (4,291.8)","$ (1,172.5)",$ (753.3),"$ (1,012.8)","$ (1,353.2)","$ (1,506.3)","$ (1,638.3)",$ (704.0),$ (136.7),$ 929.6,$ 43.0,"$ (4,827.1)",$ 305.7,"$ (3,153.1)",$ (365.7),"$ (1,614.0)","$ (7,203.0)","$ (4,120.4)","$ (1,445.0)","$ (1,610.6)",$ (27.0),"$ (1,947.1)",$ 174.5,"$ (1,388.8)",$ (675.2),$ 53.2,$ (110.8),"$ (1,318.8)",$ (862.9),$ (220.5),$ (207.3),$ (28.0),"$ (10,625.2)","$ (10,468.9)","$ (21,094.1)","$ (2,417.1)","$ (1,002.3)",$ (403.5),$ (208.6),$ (802.6),"$ (3,172.5)",$ (695.2),$ (266.4),$ (666.7),$ (626.3),$ (917.9),"$ (3,740.4)",$ (838.4),$ (869.8),$ (920.2),"$ (1,112.1)","$ (2,492.6)",$ (571.5),"$ (1,248.9)",$ (225.1),$ (447.1),"$ (2,993.5)",$ (572.1),$ (622.8),$ (824.7),$ (413.1),$ (560.7),$ (728.7),"$ 1,491.7","$ (1,669.6)",$ (610.1),$ 59.4,"$ (9,330.0)","$ (6,214.8)","$ (15,544.8)","$ (36,638.9)",,,Retail,,,,TRUE,
,TDPT,,,Target,"$ 22,853.3","$ 5,476.5","$ 4,662.8","$ 5,506.7","$ 7,207.3","$ 41,695.3","$ 6,706.4","$ 7,941.9","$ 7,554.5","$ 11,425.9","$ 8,066.5","$ 37,921.0","$ 9,073.8","$ 9,083.0","$ 10,140.7","$ 9,623.5","$ 39,659.6","$ 11,029.8","$ 7,258.9","$ 10,186.4","$ 11,184.6","$ 37,201.5","$ 7,817.3","$ 8,164.7","$ 6,106.3","$ 7,739.7","$ 7,373.5","$ 26,586.1","$ 7,124.4","$ 6,787.6","$ 6,226.3","$ 6,447.9","$ 102,469.6","$ 103,447.3","$ 205,916.8","$ 24,166.5","$ 6,589.2","$ 5,547.5","$ 4,369.8","$ 7,659.9","$ 44,897.9","$ 8,189.4","$ 7,660.7","$ 10,209.4","$ 7,783.2","$ 11,055.2","$ 35,813.2","$ 8,462.8","$ 9,397.3","$ 7,974.3","$ 9,978.7","$ 35,971.3","$ 8,053.9","$ 9,344.3","$ 8,598.2","$ 9,974.8","$ 38,524.7","$ 8,863.8","$ 8,676.1","$ 9,352.5","$ 6,542.9","$ 5,089.5","$ 20,195.1","$ 5,814.5","$ 4,335.9","$ 4,652.3","$ 5,392.4","$ 104,877.6","$ 94,691.1","$ 199,568.7","$ 405,485.6",,,Retail,,,,TRUE,
,TLRP,,,LY,"$ 24,324.8","$ 5,169.1","$ 5,444.8","$ 6,017.3","$ 7,693.6","$ 43,587.2","$ 9,149.2","$ 7,047.7","$ 7,312.8","$ 12,816.9","$ 7,260.6","$ 39,234.5","$ 8,060.6","$ 8,616.7","$ 12,341.1","$ 10,216.1","$ 42,174.5","$ 13,586.4","$ 7,889.3","$ 10,714.4","$ 9,984.3","$ 36,941.6","$ 7,713.7","$ 8,463.9","$ 6,201.7","$ 7,473.2","$ 7,089.1","$ 24,931.2","$ 6,967.7","$ 6,599.1","$ 5,602.4","$ 5,761.9","$ 107,146.5","$ 104,047.3","$ 211,193.8","$ 24,960.7","$ 6,416.1","$ 5,422.3","$ 5,245.5","$ 7,876.8","$ 43,822.6","$ 8,003.3","$ 8,398.1","$ 9,715.4","$ 7,248.0","$ 10,457.9","$ 35,259.6","$ 8,494.5","$ 9,000.8","$ 9,100.0","$ 8,664.4","$ 35,498.5","$ 9,051.9","$ 8,330.6","$ 9,586.7","$ 8,529.3","$ 37,453.9","$ 8,181.4","$ 8,196.9","$ 9,226.0","$ 6,719.6","$ 5,130.1","$ 19,100.9","$ 5,742.1","$ 4,322.3","$ 4,355.7","$ 4,680.8","$ 104,043.0","$ 92,053.4","$ 196,096.4","$ 407,290.2",,,Retail,,,,TRUE,
,LLY,,,LLY,"$ 23,444.9","$ 5,043.0","$ 4,763.4","$ 6,154.7","$ 7,483.8","$ 38,388.6","$ 8,109.8","$ 6,191.3","$ 6,878.1","$ 9,868.4","$ 7,341.0","$ 37,992.6","$ 10,898.2","$ 8,026.8","$ 10,547.2","$ 8,520.4","$ 37,252.5","$ 11,173.8","$ 7,319.4","$ 7,715.4","$ 11,043.8","$ 36,108.7","$ 8,241.8","$ 7,651.8","$ 6,092.2","$ 7,326.8","$ 6,796.2","$ 25,105.4","$ 6,977.9","$ 6,279.3","$ 5,454.3","$ 6,393.9","$ 99,826.1","$ 98,466.6","$ 198,292.7","$ 22,905.8","$ 5,149.1","$ 7,101.6","$ 4,706.6","$ 5,948.4","$ 42,280.2","$ 8,882.2","$ 7,605.5","$ 7,352.8","$ 7,678.8","$ 10,760.9","$ 35,536.9","$ 8,758.6","$ 8,994.3","$ 8,524.7","$ 9,259.2","$ 34,733.8","$ 10,127.2","$ 7,808.2","$ 8,556.4","$ 8,242.0","$ 35,146.2","$ 8,083.6","$ 8,209.2","$ 8,741.2","$ 5,848.5","$ 4,263.8","$ 19,923.7","$ 5,560.4","$ 4,723.4","$ 4,438.3","$ 5,201.6","$ 100,722.9","$ 89,803.6","$ 190,526.5","$ 388,819.3",,,Retail,,,,TRUE,
,TDPPvsTDOP,,,Actual to Plan %,-15.8%,-17.6%,-13.9%,-15.5%,-15.8%,-3.5%,-19.6%,-8.1%,-1.8%,8.9%,0.5%,-11.3%,3.5%,-25.8%,-3.5%,-14.4%,-15.7%,-27.2%,-16.6%,-13.2%,-0.3%,-4.9%,2.3%,-13.7%,-10.3%,0.7%,-1.5%,-4.9%,-11.2%,-3.3%,-3.4%,-0.4%,-9.4%,-9.3%,-9.3%,-9.3%,-14.3%,-6.9%,-4.5%,-9.6%,-6.7%,-8.0%,-3.3%,-6.3%,-7.6%,-7.8%,-9.8%,-9.4%,-8.8%,-10.7%,-10.4%,-6.7%,-6.8%,-12.2%,-2.6%,-4.4%,-7.5%,-6.3%,-7.0%,-8.3%,-6.1%,-10.2%,-3.5%,34.7%,-27.7%,-11.5%,1.2%,-8.4%,-6.3%,-7.4%,-8.4%,,,Retail,,,,TRUE,
,TDPPvsTLRP,,,Actual to LY %,-6.0%,5.9%,-14.4%,-8.5%,-6.3%,-4.3%,-26.7%,12.7%,3.3%,-10.9%,11.1%,-3.3%,12.6%,5.4%,-17.8%,-5.8%,-8.3%,-18.8%,-7.8%,-1.5%,-1.8%,3.1%,2.6%,3.6%,-5.3%,7.8%,5.3%,2.3%,-1.7%,-2.9%,4.8%,10.9%,-4.4%,-1.7%,-3.1%,-5.9%,-6.3%,1.0%,-15.4%,-4.1%,0.9%,0.2%,-7.4%,2.9%,5.1%,3.3%,-2.6%,-4.6%,0.1%,-15.6%,10.1%,-2.1%,-13.8%,8.4%,-13.3%,12.9%,-0.8%,3.3%,1.4%,-1.6%,-5.1%,-3.8%,3.7%,0.9%,0.9%,8.0%,5.8%,-1.9%,-0.3%,-1.2%,-2.2%,,,Retail,,,,TRUE,
,TDPP,Sls Total FP Rtl,Retail Full Price Sales (Stores & Concierge),Actual (TY) / Forecast,"$ 18,850.8","$ 4,653.1","$ 3,795.0","$ 4,152.5","$ 6,250.2","$ 34,830.9","$ 5,613.7","$ 6,843.5","$ 5,890.8","$ 9,908.2","$ 6,574.8","$ 33,427.4","$ 8,045.1","$ 8,174.5","$ 8,840.1","$ 8,367.7","$ 33,076.6","$ 9,771.5","$ 6,394.2","$ 8,492.1","$ 8,418.8","$ 29,378.3","$ 6,738.4","$ 7,504.9","$ 4,997.9","$ 5,723.2","$ 4,413.9","$ 15,191.8","$ 4,695.8","$ 3,554.5","$ 3,078.0","$ 3,863.6","$ 87,109.1","$ 77,646.7","$ 164,755.7","$ 17,244.2","$ 4,241.8","$ 4,059.4","$ 3,288.9","$ 5,654.1","$ 39,367.7","$ 6,764.4","$ 7,076.6","$ 9,082.1","$ 6,631.8","$ 9,812.8","$ 30,428.7","$ 7,225.8","$ 8,224.2","$ 6,577.7","$ 8,400.9","$ 30,085.4","$ 6,829.1","$ 7,772.5","$ 7,074.9","$ 8,408.8","$ 26,417.8","$ 7,446.7","$ 6,961.2","$ 5,958.0","$ 3,398.6","$ 2,653.4","$ 13,301.3","$ 3,800.5","$ 2,508.8","$ 3,074.5","$ 3,917.5","$ 87,040.6","$ 69,804.5","$ 156,845.0","$ 321,600.8",,,Retail,,,,FALSE,
,TDLP,,,Forecast,"$ 22,593.0","$ 5,815.3","$ 4,177.8","$ 4,875.8","$ 7,724.1","$ 35,097.0","$ 6,523.7","$ 6,601.7","$ 5,801.7","$ 9,307.5","$ 6,862.3","$ 36,020.9","$ 7,706.4","$ 9,915.9","$ 9,384.8","$ 9,013.8","$ 33,588.0","$ 10,434.5","$ 6,560.6","$ 6,924.4","$ 9,668.5","$ 27,003.2","$ 6,507.2","$ 6,722.6","$ 5,016.6","$ 4,860.7","$ 3,896.1","$ 16,237.5","$ 4,688.7","$ 4,015.3","$ 3,393.8","$ 4,139.7","$ 93,711.0","$ 76,828.8","$ 170,539.7","$ 18,239.1","$ 5,098.8","$ 4,211.1","$ 3,275.1","$ 5,654.1","$ 38,916.3","$ 6,764.4","$ 6,806.3","$ 9,054.4","$ 6,570.6","$ 9,720.6","$ 30,428.7","$ 7,225.8","$ 8,224.2","$ 6,577.7","$ 8,400.9","$ 30,085.4","$ 6,829.1","$ 7,772.5","$ 7,074.9","$ 8,408.8","$ 26,417.8","$ 7,446.7","$ 6,961.2","$ 5,958.0","$ 3,398.6","$ 2,653.4","$ 13,301.3","$ 3,800.5","$ 2,508.8","$ 3,074.5","$ 3,917.5","$ 87,584.1","$ 69,804.5","$ 157,388.6","$ 327,928.3",,,Retail,,,,TRUE,
,TDOP,,,Plan,"$ 23,603.5","$ 6,077.9","$ 4,577.1","$ 5,262.9","$ 7,685.6","$ 38,112.6","$ 7,515.1","$ 7,787.6","$ 6,306.5","$ 9,459.3","$ 7,044.0","$ 38,152.9","$ 7,970.5","$ 11,222.6","$ 9,163.9","$ 9,795.9","$ 39,596.8","$ 13,545.8","$ 7,828.7","$ 9,876.7","$ 8,345.6","$ 31,045.5","$ 6,821.6","$ 8,890.6","$ 5,745.6","$ 5,417.7","$ 4,170.1","$ 17,912.1","$ 5,290.0","$ 4,227.5","$ 3,843.3","$ 4,551.3","$ 99,869.0","$ 88,554.5","$ 188,423.5","$ 20,008.5","$ 5,541.1","$ 4,537.3","$ 3,541.5","$ 6,388.5","$ 42,012.8","$ 7,370.7","$ 7,293.5","$ 9,665.4","$ 7,084.2","$ 10,599.0","$ 33,814.5","$ 7,999.9","$ 9,083.8","$ 7,384.7","$ 9,346.1","$ 32,692.0","$ 7,423.7","$ 8,996.2","$ 7,416.3","$ 8,855.8","$ 28,958.7","$ 7,982.2","$ 7,537.2","$ 6,672.8","$ 3,725.3","$ 3,041.1","$ 14,269.8","$ 2,445.4","$ 4,005.1","$ 3,770.0","$ 4,049.2","$ 95,835.7","$ 75,920.5","$ 171,756.2","$ 360,179.6",,,Retail,,,,TRUE,
,Var_to_Plan,,,Var to Plan,"$ (4,752.7)","$ (1,424.8)",$ (782.1),"$ (1,110.4)","$ (1,435.4)","$ (3,281.7)","$ (1,901.4)",$ (944.1),$ (415.7),$ 448.9,$ (469.3),"$ (4,725.5)",$ 74.6,"$ (3,048.1)",$ (323.8),"$ (1,428.2)","$ (6,520.2)","$ (3,774.3)","$ (1,434.5)","$ (1,384.6)",$ 73.1,"$ (1,667.2)",$ (83.2),"$ (1,385.7)",$ (747.7),$ 305.6,$ 243.8,"$ (2,720.3)",$ (594.2),$ (673.1),$ (765.3),$ (687.7),"$ (12,759.9)","$ (10,907.8)","$ (23,667.7)","$ (2,764.3)","$ (1,299.3)",$ (477.9),$ (252.6),$ (734.4),"$ (2,645.1)",$ (606.3),$ (216.9),$ (583.3),$ (452.4),$ (786.1),"$ (3,385.8)",$ (774.1),$ (859.6),$ (807.0),$ (945.1),"$ (2,606.7)",$ (594.6),"$ (1,223.6)",$ (341.4),$ (447.0),"$ (2,540.9)",$ (535.5),$ (576.0),$ (714.8),$ (326.8),$ (387.8),$ (968.5),"$ 1,355.0","$ (1,496.3)",$ (695.6),$ (131.7),"$ (8,795.1)","$ (6,116.0)","$ (14,911.1)","$ (38,578.9)",,,Retail,,,,TRUE,
,TDPT,,,Target,"$ 18,850.8","$ 4,653.1","$ 3,795.0","$ 4,152.5","$ 6,250.2","$ 34,830.9","$ 5,613.7","$ 6,843.5","$ 5,890.8","$ 9,908.2","$ 6,574.8","$ 33,427.4","$ 8,045.1","$ 8,174.5","$ 8,840.1","$ 8,367.7","$ 33,925.5","$ 9,772.0","$ 6,382.4","$ 8,102.7","$ 9,668.5","$ 27,262.7","$ 6,662.0","$ 6,823.8","$ 5,282.6","$ 4,890.1","$ 3,604.2","$ 16,549.0","$ 4,456.0","$ 3,794.9","$ 3,725.9","$ 4,572.2","$ 87,109.1","$ 77,737.2","$ 164,846.3","$ 18,628.8","$ 5,207.4","$ 4,287.1","$ 3,334.6","$ 5,799.7","$ 39,831.9","$ 6,917.5","$ 6,952.5","$ 9,264.4","$ 6,695.2","$ 10,002.2","$ 31,848.3","$ 7,577.2","$ 8,598.4","$ 6,850.0","$ 8,822.7","$ 31,335.7","$ 7,094.4","$ 8,101.6","$ 7,371.1","$ 8,768.6","$ 27,825.8","$ 7,864.7","$ 7,329.4","$ 6,250.6","$ 3,574.9","$ 2,806.2","$ 14,184.5","$ 3,889.1","$ 2,553.6","$ 3,156.1","$ 4,585.7","$ 90,309.0","$ 73,346.0","$ 163,655.0","$ 328,501.3",,,Retail,,,,TRUE,
,TLRP,,,LY,"$ 20,054.8","$ 4,459.4","$ 4,437.4","$ 4,490.3","$ 6,667.7","$ 36,866.4","$ 7,917.7","$ 6,074.0","$ 5,475.5","$ 11,250.4","$ 6,148.9","$ 33,771.3","$ 7,335.5","$ 6,763.6","$ 10,881.1","$ 8,791.2","$ 35,797.6","$ 12,068.0","$ 6,939.2","$ 8,432.8","$ 8,357.7","$ 27,460.6","$ 6,578.4","$ 7,230.6","$ 5,293.1","$ 4,842.5","$ 3,516.0","$ 15,709.2","$ 4,261.1","$ 3,830.4","$ 3,464.4","$ 4,153.3","$ 90,692.6","$ 78,967.4","$ 169,659.9","$ 19,348.4","$ 5,127.3","$ 4,039.9","$ 4,178.0","$ 6,003.3","$ 38,789.5","$ 6,706.0","$ 7,459.3","$ 8,770.1","$ 6,358.6","$ 9,495.4","$ 31,020.0","$ 7,591.9","$ 8,264.6","$ 7,805.9","$ 7,357.6","$ 30,996.9","$ 7,954.7","$ 7,052.9","$ 8,414.5","$ 7,574.8","$ 26,575.6","$ 7,108.1","$ 6,882.3","$ 6,156.2","$ 3,626.8","$ 2,802.2","$ 12,867.1","$ 3,818.4","$ 2,466.2","$ 2,892.0","$ 3,690.5","$ 89,157.9","$ 70,439.6","$ 159,597.5","$ 329,257.4",,,Retail,,,,TRUE,
,LLY,,,LLY,"$ 20,249.4","$ 4,369.2","$ 4,212.6","$ 5,022.0","$ 6,645.7","$ 33,604.2","$ 7,289.7","$ 5,400.2","$ 5,583.1","$ 8,730.3","$ 6,600.9","$ 32,933.9","$ 9,970.2","$ 6,479.4","$ 9,243.6","$ 7,240.7","$ 31,760.7","$ 9,812.0","$ 6,549.1","$ 6,077.0","$ 9,322.5","$ 27,687.3","$ 7,191.7","$ 6,755.7","$ 5,197.1","$ 4,889.3","$ 3,653.6","$ 16,631.4","$ 4,216.6","$ 3,741.5","$ 3,681.0","$ 4,992.3","$ 86,787.5","$ 76,079.4","$ 162,866.9","$ 17,488.2","$ 3,879.8","$ 5,633.1","$ 3,674.7","$ 4,300.5","$ 37,596.9","$ 7,699.7","$ 6,837.4","$ 6,719.9","$ 6,520.8","$ 9,819.0","$ 30,613.2","$ 7,672.7","$ 8,069.8","$ 7,027.2","$ 7,843.5","$ 29,644.7","$ 8,839.3","$ 6,320.2","$ 7,281.2","$ 7,204.0","$ 23,017.1","$ 6,961.7","$ 6,793.0","$ 5,193.5","$ 2,287.0","$ 1,781.9","$ 13,430.3","$ 3,184.4","$ 2,588.5","$ 3,141.1","$ 4,516.3","$ 85,698.2","$ 66,092.1","$ 151,790.3","$ 314,657.2",,,Retail,,,,TRUE,
,TDPPvsTDOP,,,Actual to Plan %,-20.1%,-23.4%,-17.1%,-21.1%,-18.7%,-8.6%,-25.3%,-12.1%,-6.6%,4.7%,-6.7%,-12.4%,0.9%,-27.2%,-3.5%,-14.6%,-16.5%,-27.9%,-18.3%,-14.0%,0.9%,-5.4%,-1.2%,-15.6%,-13.0%,5.6%,5.8%,-15.2%,-11.2%,-15.9%,-19.9%,-15.1%,-12.8%,-12.3%,-12.6%,-13.8%,-23.4%,-10.5%,-7.1%,-11.5%,-6.3%,-8.2%,-3.0%,-6.0%,-6.4%,-7.4%,-10.0%,-9.7%,-9.5%,-10.9%,-10.1%,-8.0%,-8.0%,-13.6%,-4.6%,-5.0%,-8.8%,-6.7%,-7.6%,-10.7%,-8.8%,-12.8%,-6.8%,55.4%,-37.4%,-18.4%,-3.3%,-9.2%,-8.1%,-8.7%,-10.7%,,,Retail,,,,TRUE,
,TDPPvsTLRP,,,Actual to LY %,-6.0%,4.3%,-14.5%,-7.5%,-6.3%,-5.5%,-29.1%,12.7%,7.6%,-11.9%,6.9%,-1.0%,9.7%,20.9%,-18.8%,-4.8%,-7.6%,-19.0%,-7.9%,0.7%,0.7%,7.0%,2.4%,3.8%,-5.6%,18.2%,25.5%,-3.3%,10.2%,-7.2%,-11.2%,-7.0%,-4.0%,-1.7%,-2.9%,-10.9%,-17.3%,0.5%,-21.3%,-5.8%,1.5%,0.9%,-5.1%,3.6%,4.3%,3.3%,-1.9%,-4.8%,-0.5%,-15.7%,14.2%,-2.9%,-14.2%,10.2%,-15.9%,11.0%,-0.6%,4.8%,1.1%,-3.2%,-6.3%,-5.3%,3.4%,-0.5%,1.7%,6.3%,6.2%,-2.4%,-0.9%,-1.7%,-2.3%,,,Retail,,,,TRUE,
,TDPP,Sls Total MD Rtl,Retail Markdown Sales (Stores & Concierge),Actual (TY) / Forecast,"$ 4,002.5",$ 823.3,$ 867.9,"$ 1,354.2",$ 957.2,"$ 6,864.4","$ 1,092.7","$ 1,098.4","$ 1,663.8","$ 1,517.8","$ 1,491.8","$ 4,493.6","$ 1,028.7",$ 908.5,"$ 1,300.6","$ 1,255.8","$ 5,582.9","$ 1,257.7",$ 877.7,"$ 2,060.4","$ 1,387.0","$ 8,702.9","$ 1,176.8","$ 1,264.3",$ 873.8,"$ 2,335.7","$ 3,052.2","$ 10,323.4","$ 2,155.6","$ 2,850.2","$ 2,790.8","$ 2,526.8","$ 15,360.5","$ 24,609.2","$ 39,969.8","$ 6,239.7","$ 1,770.5","$ 1,418.6","$ 1,147.9","$ 1,902.7","$ 4,846.9","$ 1,258.4",$ 700.5,$ 918.1,$ 982.3,$ 987.5,"$ 3,907.9",$ 874.3,$ 786.6,"$ 1,105.1","$ 1,141.9","$ 4,682.3",$ 970.5,"$ 1,256.0","$ 1,235.2","$ 1,220.6","$ 10,743.3","$ 1,006.7","$ 1,354.4","$ 3,120.3","$ 2,978.4","$ 2,283.5","$ 6,514.8","$ 1,994.3","$ 1,852.4","$ 1,631.5","$ 1,036.6","$ 14,994.4","$ 21,940.4","$ 36,934.8","$ 76,904.6",,,Retail,,,,FALSE,
,TDLP,,,Forecast,"$ 4,034.9",$ 758.7,$ 924.2,"$ 1,372.2",$ 979.8,"$ 6,609.9","$ 1,153.9","$ 1,028.1","$ 1,773.1","$ 1,341.1","$ 1,313.6","$ 5,320.4",$ 926.4,"$ 1,290.4","$ 1,600.7","$ 1,502.8","$ 6,740.1","$ 1,482.4",$ 894.9,"$ 2,846.8","$ 1,516.1","$ 9,572.6","$ 1,177.1","$ 1,295.6",$ 856.9,"$ 2,775.6","$ 3,467.4","$ 9,382.9","$ 2,434.3","$ 2,513.6","$ 2,245.6","$ 2,189.4","$ 15,965.2","$ 25,695.6","$ 41,660.8","$ 5,536.9","$ 1,391.3","$ 1,260.4","$ 1,035.2","$ 1,850.1","$ 5,006.0","$ 1,258.4",$ 700.5,$ 936.9,"$ 1,075.5","$ 1,034.6","$ 3,907.9",$ 874.3,$ 786.6,"$ 1,105.1","$ 1,141.9","$ 4,682.3",$ 970.5,"$ 1,256.0","$ 1,235.2","$ 1,220.6","$ 10,743.3","$ 1,006.7","$ 1,354.4","$ 3,120.3","$ 2,978.4","$ 2,283.5","$ 6,514.8","$ 1,994.3","$ 1,852.4","$ 1,631.5","$ 1,036.6","$ 14,450.8","$ 21,940.4","$ 36,391.2","$ 78,052.0",,,Retail,,,,TRUE,
,TDOP,,,Plan,"$ 3,541.6",$ 571.1,$ 839.0,"$ 1,256.6",$ 875.0,"$ 5,089.0",$ 829.6,$ 858.2,"$ 1,384.7","$ 1,037.0",$ 979.5,"$ 4,595.1",$ 797.6,"$ 1,013.5","$ 1,342.5","$ 1,441.5","$ 6,265.7","$ 1,603.9",$ 888.2,"$ 2,286.4","$ 1,487.2","$ 8,982.8",$ 919.0,"$ 1,267.5",$ 801.3,"$ 2,588.1","$ 3,406.9","$ 8,921.8","$ 2,424.3","$ 2,397.6","$ 2,232.8","$ 1,867.1","$ 13,225.8","$ 24,170.4","$ 37,396.1","$ 5,892.5","$ 1,473.5","$ 1,344.2","$ 1,103.9","$ 1,970.9","$ 5,374.3","$ 1,347.3",$ 750.1,"$ 1,001.4","$ 1,156.2","$ 1,119.3","$ 4,262.5",$ 938.7,$ 796.8,"$ 1,218.2","$ 1,308.9","$ 4,568.2",$ 947.4,"$ 1,281.3","$ 1,118.9","$ 1,220.6","$ 11,195.9","$ 1,043.3","$ 1,401.2","$ 3,230.2","$ 3,064.7","$ 2,456.4","$ 6,275.1","$ 1,857.7","$ 2,025.8","$ 1,546.0",$ 845.6,"$ 15,529.3","$ 22,039.2","$ 37,568.5","$ 74,964.6",,,Retail,,,,TRUE,
,Var_to_Plan,,,Var to Plan,$ 460.9,$ 252.3,$ 28.8,$ 97.6,$ 82.2,"$ 1,775.4",$ 263.2,$ 240.2,$ 279.1,$ 480.7,$ 512.2,$ (101.6),$ 231.1,$ (105.0),$ (41.9),$ (185.7),$ (682.8),$ (346.1),$ (10.5),$ (226.0),$ (100.2),$ (279.9),$ 257.7,$ (3.1),$ 72.5,$ (252.4),$ (354.6),"$ 1,401.6",$ (268.7),$ 452.5,$ 558.0,$ 659.7,"$ 2,134.7",$ 438.9,"$ 2,573.6",$ 347.2,$ 297.0,$ 74.4,$ 44.0,$ (68.2),$ (527.4),$ (88.9),$ (49.5),$ (83.4),$ (173.9),$ (131.8),$ (354.7),$ (64.3),$ (10.2),$ (113.1),$ (167.0),$ 114.1,$ 23.1,$ (25.3),$ 116.3,$ (0.1),$ (452.6),$ (36.6),$ (46.8),$ (109.9),$ (86.3),$ (172.9),$ 239.8,$ 136.6,$ (173.4),$ 85.4,$ 191.0,$ (534.9),$ (98.8),$ (633.7),"$ 1,940.0",,,Retail,,,,TRUE,
,TDPT,,,Target,"$ 4,002.5",$ 823.3,$ 867.9,"$ 1,354.2",$ 957.2,"$ 6,864.4","$ 1,092.7","$ 1,098.4","$ 1,663.8","$ 1,517.8","$ 1,491.8","$ 4,493.6","$ 1,028.7",$ 908.5,"$ 1,300.6","$ 1,255.8","$ 5,734.1","$ 1,257.8",$ 876.5,"$ 2,083.6","$ 1,516.1","$ 9,938.9","$ 1,155.3","$ 1,341.0",$ 823.7,"$ 2,849.7","$ 3,769.2","$ 10,037.1","$ 2,668.4","$ 2,992.7","$ 2,500.3","$ 1,875.7","$ 15,360.5","$ 25,710.0","$ 41,070.5","$ 5,537.7","$ 1,381.8","$ 1,260.4","$ 1,035.2","$ 1,860.3","$ 5,066.0","$ 1,271.9",$ 708.1,$ 945.0,"$ 1,088.0","$ 1,053.0","$ 3,964.9",$ 885.6,$ 798.9,"$ 1,124.3","$ 1,156.1","$ 4,635.6",$ 959.6,"$ 1,242.6","$ 1,227.1","$ 1,206.2","$ 10,699.0",$ 999.1,"$ 1,346.7","$ 3,101.9","$ 2,968.0","$ 2,283.3","$ 6,010.6","$ 1,925.4","$ 1,782.2","$ 1,496.3",$ 806.7,"$ 14,568.6","$ 21,345.1","$ 35,913.7","$ 76,984.3",,,Retail,,,,TRUE,
,TLRP,,,LY,"$ 4,270.0",$ 709.8,"$ 1,007.4","$ 1,527.0","$ 1,025.9","$ 6,720.8","$ 1,231.6",$ 973.7,"$ 1,837.3","$ 1,566.5","$ 1,111.8","$ 5,463.1",$ 725.2,"$ 1,853.1","$ 1,460.0","$ 1,424.8","$ 6,377.0","$ 1,518.5",$ 950.2,"$ 2,281.7","$ 1,626.7","$ 9,481.0","$ 1,135.3","$ 1,233.3",$ 908.6,"$ 2,630.6","$ 3,573.1","$ 9,222.0","$ 2,706.7","$ 2,768.7","$ 2,138.1","$ 1,608.6","$ 16,453.9","$ 25,080.0","$ 41,533.9","$ 5,612.4","$ 1,288.8","$ 1,382.5","$ 1,067.5","$ 1,873.5","$ 5,033.1","$ 1,297.2",$ 938.8,$ 945.3,$ 889.4,$ 962.4,"$ 4,239.6",$ 902.5,$ 736.1,"$ 1,294.2","$ 1,306.8","$ 4,501.6","$ 1,097.2","$ 1,277.8","$ 1,172.2",$ 954.5,"$ 10,878.4","$ 1,073.2","$ 1,314.6","$ 3,069.9","$ 3,092.8","$ 2,327.9","$ 6,233.8","$ 1,923.7","$ 1,856.1","$ 1,463.7",$ 990.4,"$ 14,885.1","$ 21,613.8","$ 36,498.9","$ 78,032.8",,,Retail,,,,TRUE,
,LLY,,,LLY,"$ 3,195.4",$ 673.9,$ 550.8,"$ 1,132.7",$ 838.1,"$ 4,784.4",$ 820.1,$ 791.1,"$ 1,294.9","$ 1,138.2",$ 740.1,"$ 5,058.8",$ 928.0,"$ 1,547.5","$ 1,303.6","$ 1,279.7","$ 5,491.8","$ 1,361.8",$ 770.3,"$ 1,638.4","$ 1,721.3","$ 8,421.4","$ 1,050.1",$ 896.1,$ 895.1,"$ 2,437.5","$ 3,142.6","$ 8,474.0","$ 2,761.3","$ 2,537.7","$ 1,773.3","$ 1,401.7","$ 13,038.6","$ 22,387.2","$ 35,425.8","$ 5,417.6","$ 1,269.3","$ 1,468.6","$ 1,031.9","$ 1,647.9","$ 4,683.3","$ 1,182.5",$ 768.1,$ 632.9,"$ 1,158.0",$ 941.9,"$ 4,923.7","$ 1,085.9",$ 924.5,"$ 1,497.5","$ 1,415.7","$ 5,089.0","$ 1,287.9","$ 1,488.0","$ 1,275.2","$ 1,038.0","$ 12,129.1","$ 1,121.9","$ 1,416.2","$ 3,547.7","$ 3,561.4","$ 2,481.9","$ 6,493.4","$ 2,376.0","$ 2,134.8","$ 1,297.3",$ 685.2,"$ 15,024.7","$ 23,711.6","$ 38,736.2","$ 74,162.1",,,Retail,,,,TRUE,
,TDPPvsTDOP,,,Actual to Plan %,13.0%,44.2%,3.4%,7.8%,9.4%,34.9%,31.7%,28.0%,20.2%,46.4%,52.3%,-2.2%,29.0%,-10.4%,-3.1%,-12.9%,-10.9%,-21.6%,-1.2%,-9.9%,-6.7%,-3.1%,28.0%,-0.2%,9.0%,-9.8%,-10.4%,15.7%,-11.1%,18.9%,25.0%,35.3%,16.1%,1.8%,6.9%,5.9%,20.2%,5.5%,4.0%,-3.5%,-9.8%,-6.6%,-6.6%,-8.3%,-15.0%,-11.8%,-8.3%,-6.9%,-1.3%,-9.3%,-12.8%,2.5%,2.4%,-2.0%,10.4%,0.0%,-4.0%,-3.5%,-3.3%,-3.4%,-2.8%,-7.0%,3.8%,7.4%,-8.6%,5.5%,22.6%,-3.4%,-0.4%,-1.7%,2.6%,,,Retail,,,,TRUE,
,TDPPvsTLRP,,,Actual to LY %,-6.3%,16.0%,-13.9%,-11.3%,-6.7%,2.1%,-11.3%,12.8%,-9.4%,-3.1%,34.2%,-17.7%,41.9%,-51.0%,-10.9%,-11.9%,-12.5%,-17.2%,-7.6%,-9.7%,-14.7%,-8.2%,3.7%,2.5%,-3.8%,-11.2%,-14.6%,11.9%,-20.4%,2.9%,30.5%,57.1%,-6.6%,-1.9%,-3.8%,11.2%,37.4%,2.6%,7.5%,1.6%,-3.7%,-3.0%,-25.4%,-2.9%,10.4%,2.6%,-7.8%,-3.1%,6.9%,-14.6%,-12.6%,4.0%,-11.5%,-1.7%,5.4%,27.9%,-1.2%,-6.2%,3.0%,1.6%,-3.7%,-1.9%,4.5%,3.7%,-0.2%,11.5%,4.7%,0.7%,1.5%,1.2%,-1.4%,,,Retail,,,,TRUE,
,TDPP,Sls Total U,Retail Sales Units (Stores & Concierge),Actual (TY) / Forecast,519.9,128.4,106.7,120.8,164.1,936.6,154.6,180.1,160.1,269.9,171.8,812.7,196.7,212.1,214.7,189.2,888.3,259.4,144.0,251.0,233.9,888.1,163.2,214.0,119.7,187.6,203.6,705.5,186.3,182.7,168.4,168.1,"2,269.2","2,481.9","4,751.1",573.2,154.1,130.8,111.6,176.7,921.8,164.9,155.9,221.8,141.6,237.7,674.2,162.4,180.8,137.3,193.7,792.6,154.4,214.6,181.6,242.0,907.1,210.7,211.3,203.3,153.6,128.1,471.2,150.4,105.9,109.2,105.7,"2,169.3","2,170.8","4,340.1","9,091.2",,,Retail,,,,FALSE,
,TDLP,,,Forecast,586.8,148.9,115.8,128.7,193.3,934.8,169.8,176.6,165.9,243.1,179.3,906.9,185.0,269.9,244.1,207.8,948.5,290.4,146.9,248.5,262.6,869.1,170.1,196.7,117.8,179.5,205.1,669.5,186.5,179.9,148.9,154.2,"2,428.5","2,487.1","4,915.6",580.7,159.9,131.1,110.1,179.6,918.4,164.9,150.8,221.9,143.2,237.6,674.2,162.4,180.8,137.3,193.7,792.6,154.4,214.6,181.6,242.0,907.1,210.7,211.3,203.3,153.6,128.1,471.2,150.4,105.9,109.2,105.7,"2,173.3","2,170.8","4,344.2","9,259.8",,,Retail,,,,TRUE,
,TDOP,,,Plan,556.3,149.0,120.5,128.5,158.4,907.1,176.8,193.8,144.7,239.3,152.5,909.8,184.9,289.0,219.6,216.3,988.1,358.2,169.2,261.6,199.1,886.8,139.8,246.0,132.7,178.7,189.7,699.9,217.1,170.6,158.6,153.6,"2,373.2","2,574.8","4,948.0",616.8,174.9,137.1,114.2,190.7,951.4,170.6,149.5,231.5,149.9,249.9,730.6,172.5,195.3,147.8,215.0,780.4,157.3,232.6,152.1,238.5,987.8,228.0,223.4,225.1,166.3,145.0,514.7,118.2,174.4,134.2,87.8,"2,298.8","2,282.8","4,581.6","9,529.6",,,Retail,,,,TRUE,
,Var_to_Plan,,,Var to Plan,-36.4,-20.6,-13.8,-7.7,5.7,29.5,-22.1,-13.7,15.4,30.6,19.3,-97.1,11.8,-76.9,-4.9,-27.1,-99.8,-98.8,-25.2,-10.6,34.8,1.2,23.3,-32.0,-13.0,9.0,13.9,5.6,-30.9,12.1,9.9,14.5,-103.9,-92.9,-196.9,-43.6,-20.8,-6.2,-2.6,-14.0,-29.6,-5.7,6.4,-9.7,-8.3,-12.2,-56.3,-10.1,-14.4,-10.5,-21.3,12.2,-2.8,-18.0,29.4,3.6,-80.7,-17.3,-12.1,-21.7,-12.7,-16.9,-43.5,32.2,-68.5,-25.0,17.9,-129.5,-112.0,-241.5,-438.4,,,Retail,,,,TRUE,
,TDPT,,,Target,519.9,128.4,106.7,120.8,164.1,936.6,154.6,180.1,160.1,269.9,171.8,812.7,196.7,212.1,214.7,189.2,905.3,259.4,143.8,239.5,262.6,910.7,171.5,205.3,126.8,196.4,210.8,755.1,214.0,202.8,177.3,160.9,"2,269.2","2,571.1","4,840.3",598.3,170.2,136.4,109.8,181.8,938.4,166.8,154.0,227.2,146.4,244.1,691.2,166.5,185.4,140.6,198.6,798.8,155.1,216.5,183.3,243.9,970.9,227.3,227.6,217.1,163.0,136.0,496.2,158.4,112.2,112.7,113.0,"2,227.9","2,266.0","4,493.9","9,334.2",,,Retail,,,,TRUE,
,TLRP,,,LY,494.5,105.6,120.1,131.2,137.5,982.7,210.8,163.2,166.1,292.7,149.9,800.5,174.9,178.3,257.1,190.2,902.2,315.2,150.2,229.8,206.9,838.6,144.9,201.8,128.7,171.7,191.5,680.2,189.5,195.9,159.5,135.3,"2,277.7","2,421.0","4,698.7",617.4,157.3,130.4,142.8,186.9,893.7,162.3,170.3,212.2,126.6,222.3,683.2,167.6,178.2,173.5,163.9,819.8,195.8,172.4,232.6,218.9,934.1,207.2,215.1,210.7,167.7,133.4,471.5,156.9,114.2,104.1,96.4,"2,194.2","2,225.4","4,419.6","9,118.2",,,Retail,,,,TRUE,
,LLY,,,LLY,454.3,111.1,92.6,117.9,132.7,734.3,170.9,121.0,126.8,189.7,125.9,777.9,239.7,159.5,218.3,160.4,799.1,261.3,137.5,154.8,245.4,772.7,159.7,146.7,133.9,166.6,165.8,590.9,182.3,164.0,119.8,124.8,"1,966.5","2,162.7","4,129.1",521.5,100.4,177.7,112.8,130.6,806.3,181.0,138.9,134.1,136.4,216.0,716.5,174.8,181.2,174.7,185.9,805.5,226.0,157.0,207.9,214.6,934.9,205.8,219.3,210.5,171.7,127.6,491.0,159.8,138.1,101.4,91.7,"2,044.4","2,231.4","4,275.7","8,404.9",,,Retail,,,,TRUE,
,TDPPvsTDOP,,,Actual to Plan %,-6.5%,-13.8%,-11.5%,-6.0%,3.6%,3.3%,-12.5%,-7.1%,10.6%,12.8%,12.7%,-10.7%,6.4%,-26.6%,-2.2%,-12.5%,-10.1%,-27.6%,-14.9%,-4.1%,17.5%,0.1%,16.7%,-13.0%,-9.8%,5.0%,7.3%,0.8%,-14.2%,7.1%,6.2%,9.5%,-4.4%,-3.6%,-4.0%,-7.1%,-11.9%,-4.6%,-2.2%,-7.3%,-3.1%,-3.4%,4.3%,-4.2%,-5.6%,-4.9%,-7.7%,-5.9%,-7.4%,-7.1%,-9.9%,1.6%,-1.8%,-7.7%,19.3%,1.5%,-8.2%,-7.6%,-5.4%,-9.6%,-7.6%,-11.7%,-8.4%,27.2%,-39.3%,-18.6%,20.3%,-5.6%,-4.9%,-5.3%,-4.6%,,,Retail,,,,TRUE,
,TDPPvsTLRP,,,Actual to LY %,5.1%,21.6%,-11.2%,-8.0%,19.3%,-4.7%,-26.6%,10.4%,-3.6%,-7.8%,14.6%,1.5%,12.5%,19.0%,-16.5%,-0.5%,-1.5%,-17.7%,-4.1%,9.2%,13.0%,5.9%,12.6%,6.0%,-7.0%,9.3%,6.3%,3.7%,-1.7%,-6.7%,5.6%,24.3%,-0.4%,2.5%,1.1%,-7.2%,-2.0%,0.3%,-21.8%,-5.5%,3.2%,1.6%,-8.5%,4.5%,11.8%,6.9%,-1.3%,-3.1%,1.5%,-20.9%,18.1%,-3.3%,-21.1%,24.5%,-22.0%,10.6%,-2.9%,1.7%,-1.8%,-3.5%,-8.4%,-4.0%,-0.1%,-4.1%,-7.2%,4.9%,9.7%,-1.1%,-2.4%,-1.8%,-0.3%,,,Retail,,,,TRUE,
,TDPP,Sls Total FP U,Retail Full Price Sales Units (Stores & Concierge),Actual (TY) / Forecast,394.3,102.1,76.4,75.7,140.2,716.2,119.9,144.6,111.4,222.3,118.0,675.4,165.4,183.8,175.8,150.4,688.4,218.4,117.6,164.6,187.8,587.9,132.1,174.6,97.5,104.4,79.4,302.4,110.5,73.7,54.5,63.6,"1,786.0","1,578.7","3,364.6",324.8,91.8,73.4,63.3,96.4,754.8,117.0,134.4,189.6,113.1,200.6,560.2,134.8,154.6,107.9,163.0,664.4,129.0,179.0,150.0,206.2,572.6,180.3,170.4,121.2,56.4,44.2,245.3,84.1,42.1,50.2,68.9,"1,639.8","1,482.2","3,122.0","6,486.7",,,Retail,,,,FALSE,
,TDLP,,,Forecast,461.2,125.2,81.8,84.1,170.0,710.1,133.0,141.5,106.3,200.5,128.9,741.7,155.1,226.3,197.7,162.7,696.2,239.5,120.6,128.1,208.0,528.9,132.1,154.4,96.2,81.3,64.9,308.3,101.6,80.8,58.2,67.7,"1,913.0","1,533.4","3,446.4",350.3,109.7,78.5,64.2,97.9,746.3,117.0,129.4,189.0,112.1,198.8,560.2,134.8,154.6,107.9,163.0,664.4,129.0,179.0,150.0,206.2,572.6,180.3,170.4,121.2,56.4,44.2,245.3,84.1,42.1,50.2,68.9,"1,656.8","1,482.2","3,139.0","6,585.4",,,Retail,,,,TRUE,
,TDOP,,,Plan,445.9,130.8,89.0,89.2,136.9,755.7,152.9,164.9,110.1,205.5,122.3,770.0,160.2,254.5,182.8,172.5,787.5,305.7,144.4,183.1,154.3,605.6,118.2,205.4,113.5,97.6,70.9,351.6,127.0,81.2,64.9,78.5,"1,971.6","1,744.8","3,716.4",375.4,121.4,81.1,65.5,107.4,777.6,120.9,127.8,198.5,116.2,214.1,620.2,145.1,171.0,122.4,181.7,657.4,131.4,197.0,126.5,202.5,619.9,194.7,179.7,133.6,61.4,50.5,267.3,44.0,90.7,66.3,66.3,"1,773.2","1,544.6","3,317.8","7,034.2",,,Retail,,,,TRUE,
,Var_to_Plan,,,Var to Plan,-51.5,-28.8,-12.6,-13.4,3.3,-39.5,-33.0,-20.3,1.3,16.8,-4.3,-94.6,5.2,-70.6,-7.0,-22.1,-99.2,-87.4,-26.8,-18.5,33.5,-17.7,13.9,-30.9,-16.0,6.8,8.5,-49.3,-16.5,-7.5,-10.4,-14.9,-185.7,-166.1,-351.8,-50.6,-29.6,-7.7,-2.2,-11.0,-22.8,-3.9,6.6,-9.0,-3.1,-13.5,-60.0,-10.4,-16.4,-14.5,-18.7,7.0,-2.4,-17.9,23.6,3.7,-47.4,-14.5,-9.3,-12.4,-5.0,-6.3,-22.0,40.0,-48.6,-16.0,2.6,-133.4,-62.4,-195.8,-547.6,,,Retail,,,,TRUE,
,TDPT,,,Target,394.3,102.1,76.4,75.7,140.2,716.2,119.9,144.6,111.4,222.3,118.0,675.4,165.4,183.8,175.8,150.4,695.8,218.4,117.4,152.1,208.0,545.0,132.1,158.4,106.1,87.6,60.8,319.9,105.8,73.7,62.9,77.5,"1,786.0","1,560.7","3,346.7",364.5,118.9,81.7,62.2,101.8,767.2,119.1,132.9,194.5,115.1,205.6,576.4,138.7,159.0,110.9,167.8,660.2,127.7,178.1,149.2,205.2,620.3,195.4,184.8,131.1,61.1,47.9,261.7,86.2,43.0,51.8,80.7,"1,708.0","1,542.2","3,250.2","6,596.9",,,Retail,,,,TRUE,
,TLRP,,,LY,352.5,85.6,82.4,72.9,111.6,736.6,172.4,129.0,91.4,236.8,107.1,628.9,154.9,115.3,211.7,147.0,693.8,263.6,125.8,150.1,154.4,523.5,116.0,161.7,104.8,83.6,57.4,310.2,96.2,85.3,63.5,65.2,"1,718.0","1,527.5","3,245.5",377.8,110.4,70.3,93.1,104.0,725.9,112.1,140.3,178.2,104.4,190.8,563.2,139.2,155.2,142.1,126.7,681.9,162.9,134.2,197.5,187.4,572.9,172.8,171.0,121.0,60.9,47.2,236.3,86.8,43.4,46.3,59.8,"1,667.0","1,491.1","3,158.1","6,403.5",,,Retail,,,,TRUE,
,LLY,,,LLY,362.5,89.9,76.9,84.3,111.4,599.3,147.5,96.4,88.9,158.1,108.4,632.8,210.7,115.3,181.3,125.5,627.2,220.1,119.9,100.6,186.6,513.0,132.5,124.6,107.9,87.6,60.4,315.4,90.2,76.5,65.6,83.1,"1,594.5","1,455.6","3,050.1",334.2,61.9,124.5,77.5,70.3,665.7,139.6,116.0,116.7,104.1,189.3,572.4,139.4,152.5,136.4,144.0,651.9,187.3,114.8,168.8,180.9,507.5,171.0,176.6,100.8,33.3,25.8,229.0,61.6,45.2,48.8,73.4,"1,572.3","1,388.4","2,960.7","6,010.8",,,Retail,,,,TRUE,
,TDPPvsTDOP,,,Actual to Plan %,-11.6%,-22.0%,-14.1%,-15.1%,2.4%,-5.2%,-21.6%,-12.3%,1.2%,8.2%,-3.5%,-12.3%,3.2%,-27.8%,-3.8%,-12.8%,-12.6%,-28.6%,-18.5%,-10.1%,21.7%,-2.9%,11.8%,-15.0%,-14.1%,7.0%,12.0%,-14.0%,-13.0%,-9.2%,-16.0%,-19.0%,-9.4%,-9.5%,-9.5%,-13.5%,-24.4%,-9.5%,-3.4%,-10.3%,-2.9%,-3.2%,5.2%,-4.5%,-2.6%,-6.3%,-9.7%,-7.1%,-9.6%,-11.9%,-10.3%,1.1%,-1.8%,-9.1%,18.6%,1.8%,-7.6%,-7.4%,-5.2%,-9.3%,-8.1%,-12.4%,-8.2%,90.9%,-53.6%,-24.2%,3.9%,-7.5%,-4.0%,-5.9%,-7.8%,,,Retail,,,,TRUE,
,TDPPvsTLRP,,,Actual to LY %,11.9%,19.2%,-7.3%,3.9%,25.6%,-2.8%,-30.5%,12.1%,22.0%,-6.1%,10.2%,7.4%,6.8%,59.5%,-17.0%,2.3%,-0.8%,-17.1%,-6.5%,9.7%,21.6%,12.3%,13.8%,8.0%,-7.0%,24.8%,38.4%,-2.5%,14.9%,-13.5%,-14.1%,-2.5%,4.0%,3.4%,3.7%,-14.0%,-16.9%,4.4%,-32.0%,-7.4%,4.0%,4.4%,-4.2%,6.4%,8.3%,5.1%,-0.5%,-3.2%,-0.4%,-24.1%,28.6%,-2.6%,-20.8%,33.4%,-24.0%,10.0%,-0.1%,4.3%,-0.3%,0.2%,-7.4%,-6.3%,3.8%,-3.1%,-3.0%,8.5%,15.2%,-1.6%,-0.6%,-1.1%,1.3%,,,Retail,,,,TRUE,
,TDPP,Sls Total MD U,Retail Markdown Sales Units (Stores & Concierge),Actual (TY) / Forecast,125.6,26.3,30.3,45.1,23.9,220.4,34.8,35.5,48.7,47.6,53.8,137.3,31.3,28.3,38.9,38.8,200.0,41.0,26.4,86.4,46.2,300.1,31.1,39.4,22.2,83.2,124.2,403.1,75.7,109.0,113.9,104.5,483.3,903.2,"1,386.5",248.4,62.3,57.4,48.3,80.3,167.0,47.9,21.4,32.2,28.5,37.1,114.0,27.7,26.3,29.4,30.7,128.2,25.4,35.6,31.5,35.8,334.5,30.4,40.9,82.1,97.2,83.9,225.9,66.3,63.8,58.9,36.8,529.4,688.7,"1,218.1","2,604.5",,,Retail,,,,FALSE,
,TDLP,,,Forecast,125.6,23.8,34.0,44.6,23.3,224.7,36.9,35.1,59.6,42.6,50.5,165.2,30.0,43.6,46.5,45.1,252.3,50.9,26.3,120.4,54.7,340.2,38.0,42.3,21.6,98.2,140.2,361.2,84.9,99.2,90.7,86.5,515.5,953.7,"1,469.2",230.4,50.2,52.6,45.9,81.7,172.1,47.9,21.4,32.8,31.1,38.8,114.0,27.7,26.3,29.4,30.7,128.2,25.4,35.6,31.5,35.8,334.5,30.4,40.9,82.1,97.2,83.9,225.9,66.3,63.8,58.9,36.8,516.6,688.7,"1,205.2","2,674.4",,,Retail,,,,TRUE,
,TDOP,,,Plan,110.5,18.2,31.5,39.3,21.6,151.4,23.8,28.9,34.6,33.9,30.2,139.7,24.7,34.5,36.8,43.8,200.5,52.4,24.8,78.5,44.9,281.2,21.7,40.6,19.1,81.1,118.8,348.3,90.1,89.4,93.7,75.0,401.6,830.0,"1,231.6",241.4,53.5,56.0,48.6,83.3,173.8,49.7,21.7,33.0,33.7,35.7,110.4,27.4,24.3,25.4,33.4,123.1,25.9,35.6,25.6,35.9,367.8,33.3,43.6,91.5,104.9,94.6,247.3,74.2,83.7,67.9,21.5,525.5,738.2,"1,263.8","2,495.3",,,Retail,,,,TRUE,
,Var_to_Plan,,,Var to Plan,15.1,8.2,-1.2,5.8,2.4,69.0,10.9,6.6,14.1,13.7,23.7,-2.5,6.6,-6.2,2.1,-5.0,-0.6,-11.4,1.6,7.9,1.3,18.9,9.4,-1.1,3.1,2.1,5.4,54.9,-14.4,19.5,20.2,29.5,81.7,73.2,154.9,7.0,8.8,1.5,-0.4,-3.0,-6.8,-1.8,-0.3,-0.8,-5.3,1.3,3.7,0.3,2.0,4.1,-2.7,5.2,-0.5,0.0,5.9,-0.1,-33.3,-2.8,-2.8,-9.4,-7.7,-10.6,-21.5,-7.8,-19.9,-9.0,15.3,3.9,-49.6,-45.7,109.2,,,Retail,,,,TRUE,
,TDPT,,,Target,125.6,26.3,30.3,45.1,23.9,220.4,34.8,35.5,48.7,47.6,53.8,137.3,31.3,28.3,38.9,38.8,209.4,41.0,26.4,87.4,54.7,365.8,39.3,46.9,20.7,108.9,149.9,435.1,108.3,129.1,114.4,83.4,483.3,"1,010.3","1,493.6",233.8,51.4,54.8,47.6,80.1,171.3,47.7,21.1,32.7,31.3,38.5,114.8,27.8,26.4,29.7,30.9,138.6,27.4,38.5,34.1,38.7,350.6,31.9,42.8,86.0,101.9,88.1,234.5,72.2,69.2,60.9,32.2,519.9,723.8,"1,243.7","2,737.3",,,Retail,,,,TRUE,
,TLRP,,,LY,142.0,19.9,37.7,58.4,25.9,246.1,38.4,34.2,74.7,55.9,42.8,171.6,20.0,63.0,45.4,43.2,208.4,51.6,24.5,79.8,52.6,315.1,28.9,40.2,23.9,88.0,134.1,370.0,93.3,110.6,96.1,70.0,559.7,893.5,"1,453.2",239.6,46.9,60.1,49.6,82.9,167.7,50.1,30.0,34.0,22.1,31.5,120.0,28.3,23.0,31.4,37.2,137.8,33.0,38.2,35.1,31.5,361.2,34.4,44.1,89.7,106.8,86.2,235.2,70.1,70.8,57.7,36.6,527.3,734.2,"1,261.5","2,714.7",,,Retail,,,,TRUE,
,LLY,,,LLY,91.8,21.2,15.8,33.5,21.4,135.0,23.4,24.7,37.8,31.6,17.6,145.1,29.0,44.3,37.0,34.9,171.9,41.2,17.6,54.3,58.8,259.7,27.1,22.1,26.1,79.0,105.4,275.5,92.1,87.5,54.2,41.7,372.0,707.1,"1,079.1",187.3,38.5,53.2,35.3,60.3,140.6,41.3,22.9,17.4,32.2,26.7,144.2,35.3,28.7,38.4,41.8,153.6,38.7,42.2,39.1,33.7,427.4,34.8,42.7,109.8,138.3,101.8,262.0,98.2,93.0,52.6,18.3,472.1,842.9,"1,315.0","2,394.1",,,Retail,,,,TRUE,
,TDPPvsTDOP,,,Actual to Plan %,13.7%,45.0%,-3.8%,14.7%,11.1%,45.6%,45.8%,22.9%,40.7%,40.6%,78.4%,-1.8%,26.9%,-18.0%,5.7%,-11.3%,-0.3%,-21.8%,6.4%,10.1%,2.9%,6.7%,43.5%,-2.8%,16.0%,2.6%,4.6%,15.8%,-16.0%,21.9%,21.6%,39.3%,20.3%,8.8%,12.6%,2.9%,16.5%,2.6%,-0.7%,-3.6%,-3.9%,-3.6%,-1.2%,-2.3%,-15.6%,3.7%,3.3%,1.0%,8.3%,16.1%,-8.0%,4.2%,-1.8%,-0.1%,22.9%,-0.4%,-9.1%,-8.6%,-6.4%,-10.2%,-7.3%,-11.3%,-8.7%,-10.6%,-23.8%,-13.2%,71.0%,0.7%,-6.7%,-3.6%,4.4%,,,Retail,,,,TRUE,
,TDPPvsTLRP,,,Actual to LY %,-11.5%,32.1%,-19.8%,-22.8%,-7.7%,-10.4%,-9.5%,3.7%,-34.8%,-14.9%,25.6%,-20.0%,56.6%,-55.1%,-14.2%,-10.2%,-4.1%,-20.5%,7.9%,8.3%,-12.1%,-4.8%,7.6%,-1.9%,-7.1%,-5.5%,-7.4%,9.0%,-18.9%,-1.5%,18.6%,49.2%,-13.7%,1.1%,-4.6%,3.7%,32.9%,-4.5%,-2.7%,-3.1%,-0.4%,-4.5%,-28.6%,-5.3%,28.6%,17.7%,-4.9%,-2.4%,14.1%,-6.2%,-17.6%,-6.9%,-22.9%,-7.0%,-10.3%,13.5%,-7.4%,-11.5%,-7.3%,-8.5%,-9.0%,-2.7%,-4.0%,-5.4%,-9.9%,2.1%,0.7%,0.4%,-6.2%,-3.4%,-4.1%,,,Retail,,,,TRUE,
Direct,TDPP,Sls Total Rtl,Direct Total Sales,Actual (TY) / Forecast,"$ 17,131.7","$ 4,089.8","$ 3,747.7","$ 2,806.5","$ 6,487.6","$ 29,009.1","$ 4,296.1","$ 5,890.5","$ 4,033.4","$ 8,095.1","$ 6,694.0","$ 24,786.8","$ 6,312.6","$ 4,890.2","$ 7,462.8","$ 6,121.1","$ 24,497.1","$ 6,788.2","$ 4,312.0","$ 6,415.8","$ 6,981.0","$ 22,743.3","$ 3,245.0","$ 5,968.0","$ 4,022.9","$ 3,875.3","$ 5,632.0","$ 19,580.4","$ 5,103.1","$ 5,227.9","$ 4,781.8","$ 4,467.6","$ 70,927.5","$ 66,820.8","$ 137,748.3","$ 16,329.0","$ 3,776.6","$ 3,588.5","$ 3,318.9","$ 5,645.0","$ 29,324.5","$ 5,869.5","$ 4,927.2","$ 7,374.5","$ 4,107.2","$ 7,046.1","$ 23,030.5","$ 6,416.7","$ 5,189.3","$ 3,933.7","$ 7,490.8","$ 26,021.8","$ 4,757.8","$ 6,697.7","$ 5,541.2","$ 9,025.1","$ 29,644.9","$ 12,706.5","$ 5,769.3","$ 3,571.6","$ 3,601.7","$ 3,995.8","$ 15,189.3","$ 5,676.3","$ 3,052.9","$ 3,126.1","$ 3,334.0","$ 68,684.1","$ 70,856.0","$ 139,540.1","$ 277,288.4",,Hide,Direct,,,,FALSE,
,TDLP,,,Forecast,"$ 15,880.7","$ 3,847.0","$ 3,849.7","$ 2,495.0","$ 5,689.0","$ 26,859.9","$ 5,946.0","$ 5,496.2","$ 3,726.8","$ 6,395.3","$ 5,295.6","$ 27,748.8","$ 6,117.9","$ 6,764.5","$ 7,265.0","$ 7,601.3","$ 24,742.2","$ 7,716.4","$ 4,325.9","$ 6,155.0","$ 6,545.0","$ 23,120.9","$ 3,677.8","$ 4,995.3","$ 3,941.6","$ 4,585.5","$ 5,920.6","$ 16,793.9","$ 4,791.0","$ 4,277.9","$ 3,976.5","$ 3,748.5","$ 70,489.4","$ 64,657.0","$ 135,146.4","$ 16,194.6","$ 3,693.2","$ 3,588.5","$ 3,267.9","$ 5,645.0","$ 28,741.7","$ 5,711.3","$ 4,859.3","$ 7,374.5","$ 4,002.6","$ 6,794.0","$ 22,599.9","$ 6,200.6","$ 5,142.3","$ 3,811.9","$ 7,445.1","$ 26,096.8","$ 4,924.6","$ 6,708.0","$ 5,701.3","$ 8,762.8","$ 29,644.9","$ 12,706.5","$ 5,769.3","$ 3,571.6","$ 3,601.7","$ 3,995.8","$ 15,189.3","$ 5,676.3","$ 3,052.9","$ 3,126.1","$ 3,334.0","$ 67,536.2","$ 70,931.0","$ 138,467.2","$ 273,613.6",,Hide,Direct,,,,TRUE,
,TDOP,,,Plan,"$ 17,228.1","$ 4,306.3","$ 4,236.8","$ 3,473.3","$ 5,211.7","$ 27,421.1","$ 6,030.7","$ 6,228.7","$ 4,195.9","$ 6,109.8","$ 4,856.1","$ 25,918.8","$ 6,132.5","$ 6,146.1","$ 6,717.9","$ 6,922.4","$ 24,562.7","$ 7,936.8","$ 4,924.3","$ 5,452.9","$ 6,248.7","$ 24,844.4","$ 4,498.6","$ 6,071.9","$ 4,373.9","$ 4,610.2","$ 5,289.8","$ 17,170.2","$ 4,110.0","$ 4,842.9","$ 4,869.7","$ 3,347.6","$ 70,568.1","$ 66,577.3","$ 137,145.4","$ 16,416.0","$ 3,805.3","$ 3,448.3","$ 3,531.0","$ 5,631.3","$ 29,270.0","$ 5,925.8","$ 4,430.9","$ 7,867.9","$ 4,260.2","$ 6,785.2","$ 21,706.0","$ 5,468.2","$ 5,236.9","$ 3,603.5","$ 7,397.4","$ 25,223.0","$ 4,224.2","$ 6,706.7","$ 5,388.9","$ 8,903.2","$ 29,944.7","$ 12,681.4","$ 6,478.2","$ 3,568.8","$ 3,334.3","$ 3,882.0","$ 16,054.8","$ 3,542.3","$ 5,605.2","$ 4,015.0","$ 2,892.4","$ 67,392.0","$ 71,222.5","$ 138,614.5","$ 275,759.9",,Hide,Direct,,,,TRUE,
,Var_to_Plan,,,Var to Plan,$ (96.5),$ (216.5),$ (489.1),$ (666.8),"$ 1,275.9","$ 1,588.0","$ (1,734.6)",$ (338.2),$ (162.5),"$ 1,985.3","$ 1,837.9","$ (1,132.0)",$ 180.2,"$ (1,255.8)",$ 744.9,$ (801.3),$ (65.6),"$ (1,148.5)",$ (612.3),$ 962.9,$ 732.3,"$ (2,101.1)","$ (1,253.5)",$ (103.9),$ (351.0),$ (734.9),$ 342.3,"$ 2,410.2",$ 993.1,$ 385.0,$ (87.9),"$ 1,120.0",$ 359.5,$ 243.4,$ 602.9,$ (86.9),$ (28.7),$ 140.2,$ (212.1),$ 13.6,$ 54.5,$ (56.3),$ 496.2,$ (493.4),$ (152.9),$ 260.9,"$ 1,324.5",$ 948.5,$ (47.6),$ 330.2,$ 93.4,$ 798.8,$ 533.6,$ (9.1),$ 152.3,$ 121.9,$ (299.8),$ 25.1,$ (708.9),$ 2.8,$ 267.4,$ 113.7,$ (865.5),"$ 2,134.0","$ (2,552.3)",$ (888.9),$ 441.7,"$ 1,292.1",$ (366.5),$ 925.5,"$ 1,528.5",,Hide,Direct,,,,TRUE,
,TDPT,,,Target,"$ 17,131.7","$ 4,089.8","$ 3,747.7","$ 2,806.5","$ 6,487.6","$ 29,009.1","$ 4,296.1","$ 5,890.5","$ 4,033.4","$ 8,095.1","$ 6,694.0","$ 24,786.8","$ 6,312.6","$ 4,890.2","$ 7,462.8","$ 6,121.1","$ 23,331.7","$ 6,787.9","$ 4,314.5","$ 5,869.7","$ 6,359.5","$ 24,509.2","$ 4,991.8","$ 5,864.4","$ 4,202.7","$ 4,370.5","$ 5,079.8","$ 17,947.7","$ 4,336.6","$ 5,534.2","$ 4,684.6","$ 3,392.2","$ 70,927.5","$ 65,788.6","$ 136,716.2","$ 16,519.9","$ 3,777.5","$ 3,759.4","$ 3,528.2","$ 5,454.8","$ 29,364.0","$ 5,699.7","$ 4,995.7","$ 7,508.6","$ 4,355.1","$ 6,804.9","$ 23,005.8","$ 6,558.6","$ 5,331.1","$ 4,080.4","$ 7,035.7","$ 26,681.2","$ 5,237.0","$ 6,669.9","$ 6,087.3","$ 8,686.9","$ 30,228.6","$ 12,690.7","$ 6,462.8","$ 3,569.3","$ 3,514.0","$ 3,991.9","$ 16,086.4","$ 5,615.7","$ 3,161.0","$ 3,553.9","$ 3,755.7","$ 68,889.6","$ 72,996.1","$ 141,885.7","$ 278,601.9",,Hide,Direct,,,,TRUE,
,TLRP,,,LY,"$ 16,156.1","$ 3,037.8","$ 4,395.8","$ 4,126.0","$ 4,596.6","$ 30,463.5","$ 6,039.1","$ 6,340.6","$ 4,340.0","$ 7,320.7","$ 6,423.1","$ 21,396.7","$ 4,031.6","$ 3,681.6","$ 7,259.7","$ 6,423.9","$ 23,638.8","$ 7,772.8","$ 4,560.7","$ 5,108.9","$ 6,196.3","$ 23,593.6","$ 4,094.3","$ 5,056.9","$ 3,717.9","$ 5,216.0","$ 5,508.5","$ 16,602.3","$ 4,163.9","$ 5,030.7","$ 4,514.5","$ 2,893.3","$ 68,016.3","$ 63,834.7","$ 131,851.0","$ 15,983.6","$ 3,449.3","$ 3,799.0","$ 3,111.5","$ 5,623.7","$ 26,687.3","$ 5,644.8","$ 5,357.0","$ 5,912.8","$ 3,608.2","$ 6,164.5","$ 21,776.5","$ 5,347.1","$ 5,000.8","$ 5,111.2","$ 6,317.4","$ 32,497.7","$ 6,333.0","$ 5,939.8","$ 8,189.5","$ 12,035.4","$ 22,006.1","$ 6,220.6","$ 4,959.2","$ 3,319.8","$ 3,658.1","$ 3,848.2","$ 14,399.8","$ 5,280.6","$ 3,156.2","$ 3,241.7","$ 2,721.3","$ 64,447.4","$ 68,903.6","$ 133,351.0","$ 265,202.0",,Hide,Direct,,,,TRUE,
,LLY,,,LLY,"$ 17,027.9","$ 4,048.5","$ 4,613.2","$ 3,085.1","$ 5,281.1","$ 27,760.1","$ 6,377.7","$ 7,259.0","$ 3,932.3","$ 5,441.8","$ 4,749.2","$ 25,613.5","$ 7,549.2","$ 6,110.3","$ 6,473.9","$ 5,480.1","$ 24,145.0","$ 7,558.1","$ 4,981.6","$ 2,951.3","$ 8,654.0","$ 24,698.7","$ 5,868.2","$ 3,917.3","$ 4,679.8","$ 5,189.5","$ 5,043.9","$ 16,955.3","$ 5,652.6","$ 4,408.5","$ 3,634.5","$ 3,259.7","$ 70,401.4","$ 65,799.0","$ 136,200.4","$ 15,475.0","$ 2,884.6","$ 5,198.7","$ 4,286.4","$ 3,105.2","$ 26,052.8","$ 6,473.6","$ 4,926.1","$ 4,117.9","$ 3,625.4","$ 6,909.8","$ 23,281.7","$ 6,142.4","$ 4,269.9","$ 5,436.2","$ 7,433.2","$ 30,822.0","$ 5,900.1","$ 6,063.9","$ 7,272.3","$ 11,585.7","$ 25,992.5","$ 6,003.7","$ 5,002.7","$ 3,546.9","$ 4,564.8","$ 6,874.5","$ 14,772.5","$ 4,924.5","$ 5,744.7","$ 1,813.5","$ 2,289.8","$ 64,809.5","$ 71,587.0","$ 136,396.5","$ 272,596.9",,Hide,Direct,,,,TRUE,
,TDPPvsTDOP,,,Actual to Plan %,-0.6%,-5.0%,-11.5%,-19.2%,24.5%,5.8%,-28.8%,-5.4%,-3.9%,32.5%,37.8%,-4.4%,2.9%,-20.4%,11.1%,-11.6%,-0.3%,-14.5%,-12.4%,17.7%,11.7%,-8.5%,-27.9%,-1.7%,-8.0%,-15.9%,6.5%,14.0%,24.2%,7.9%,-1.8%,33.5%,0.5%,0.4%,0.4%,-0.5%,-0.8%,4.1%,-6.0%,0.2%,0.2%,-1.0%,11.2%,-6.3%,-3.6%,3.8%,6.1%,17.3%,-0.9%,9.2%,1.3%,3.2%,12.6%,-0.1%,2.8%,1.4%,-1.0%,0.2%,-10.9%,0.1%,8.0%,2.9%,-5.4%,60.2%,-45.5%,-22.1%,15.3%,1.9%,-0.5%,0.7%,0.6%,,Hide,Direct,,,,TRUE,
,TDPPvsTLRP,,,Actual to LY %,6.0%,34.6%,-14.7%,-32.0%,41.1%,-4.8%,-28.9%,-7.1%,-7.1%,10.6%,4.2%,15.8%,56.6%,32.8%,2.8%,-4.7%,3.6%,-12.7%,-5.5%,25.6%,12.7%,-3.6%,-20.7%,18.0%,8.2%,-25.7%,2.2%,17.9%,22.6%,3.9%,5.9%,54.4%,4.3%,4.7%,4.5%,2.2%,9.5%,-5.5%,6.7%,0.4%,9.9%,4.0%,-8.0%,24.7%,13.8%,14.3%,5.8%,20.0%,3.8%,-23.0%,18.6%,-19.9%,-24.9%,12.8%,-32.3%,-25.0%,34.7%,104.3%,16.3%,7.6%,-1.5%,3.8%,5.5%,7.5%,-3.3%,-3.6%,22.5%,6.6%,2.8%,4.6%,4.6%,,Hide,Direct,,,,TRUE,
,TDPP,Sls Total FP Rtl,Direct Full Price Sales,Actual (TY) / Forecast,"$ 12,653.4","$ 3,557.6","$ 2,831.6","$ 1,495.2","$ 4,769.0","$ 22,839.4","$ 3,564.3","$ 5,115.4","$ 2,288.5","$ 6,925.8","$ 4,945.3","$ 19,790.2","$ 3,935.3","$ 4,530.9","$ 6,389.1","$ 4,934.9","$ 18,127.2","$ 5,822.4","$ 3,557.6","$ 3,736.8","$ 5,010.4","$ 15,408.9","$ 2,939.4","$ 5,041.8","$ 2,615.6","$ 2,151.5","$ 2,660.6","$ 9,600.5","$ 3,245.8","$ 2,487.1","$ 1,385.6","$ 2,481.9","$ 55,283.0","$ 43,136.5","$ 98,419.6","$ 10,504.7","$ 2,727.8","$ 2,577.9","$ 1,729.6","$ 3,469.4","$ 24,310.9","$ 4,047.0","$ 3,951.0","$ 6,903.8","$ 3,248.9","$ 6,160.2","$ 18,291.9","$ 5,019.4","$ 4,081.0","$ 2,779.9","$ 6,411.6","$ 21,204.4","$ 3,780.2","$ 5,669.7","$ 3,763.1","$ 7,991.4","$ 21,848.7","$ 11,100.5","$ 4,986.6","$ 2,575.2","$ 1,559.9","$ 1,626.5","$ 8,496.4","$ 3,683.3","$ 1,710.9",$ 764.2,"$ 2,338.0","$ 53,107.5","$ 51,549.5","$ 104,657.0","$ 203,076.6",,Hide,Direct,,,,FALSE,
,TDLP,,,Forecast,"$ 12,070.0","$ 3,400.0","$ 2,817.2","$ 1,395.0","$ 4,457.9","$ 20,655.6","$ 4,804.0","$ 4,350.0","$ 2,099.3","$ 5,293.3","$ 4,108.9","$ 22,863.8","$ 4,779.2","$ 5,831.3","$ 6,199.1","$ 6,054.2","$ 17,747.5","$ 6,654.7","$ 3,452.3","$ 3,180.0","$ 4,460.6","$ 14,221.2","$ 2,977.9","$ 4,275.3","$ 2,722.1","$ 1,928.6","$ 2,317.3","$ 8,627.3","$ 2,843.0","$ 2,420.5","$ 1,327.3","$ 2,036.4","$ 55,589.4","$ 40,596.0","$ 96,185.4","$ 10,402.3","$ 2,655.7","$ 2,577.9","$ 1,699.4","$ 3,469.4","$ 23,734.5","$ 3,895.2","$ 3,883.1","$ 6,903.8","$ 3,144.2","$ 5,908.1","$ 18,158.8","$ 4,934.2","$ 4,081.0","$ 2,732.0","$ 6,411.6","$ 21,272.0","$ 3,945.5","$ 5,678.5","$ 3,920.5","$ 7,727.5","$ 21,848.7","$ 11,100.5","$ 4,986.6","$ 2,575.2","$ 1,559.9","$ 1,626.5","$ 8,496.4","$ 3,683.3","$ 1,710.9",$ 764.2,"$ 2,338.0","$ 52,295.6","$ 51,617.0","$ 103,912.6","$ 200,098.0",,Hide,Direct,,,,TRUE,
,TDOP,,,Plan,"$ 12,425.0","$ 3,797.4","$ 3,108.6","$ 1,673.1","$ 3,845.9","$ 21,211.2","$ 5,113.5","$ 4,882.3","$ 2,234.7","$ 5,181.9","$ 3,799.0","$ 21,062.2","$ 4,781.7","$ 5,314.5","$ 5,716.6","$ 5,249.3","$ 18,341.4","$ 6,761.3","$ 3,583.4","$ 3,511.1","$ 4,485.5","$ 16,223.6","$ 3,238.0","$ 5,339.5","$ 3,133.3","$ 2,321.6","$ 2,191.2","$ 9,311.8","$ 2,773.7","$ 2,743.4","$ 1,755.0","$ 2,039.7","$ 54,698.4","$ 43,876.8","$ 98,575.2","$ 10,539.5","$ 2,642.1","$ 2,449.2","$ 1,933.4","$ 3,514.8","$ 24,431.6","$ 4,187.6","$ 3,603.2","$ 7,267.0","$ 3,431.4","$ 5,942.3","$ 17,952.5","$ 4,384.1","$ 4,278.1","$ 2,710.3","$ 6,580.0","$ 20,789.0","$ 3,350.8","$ 5,706.1","$ 3,831.4","$ 7,900.7","$ 22,357.6","$ 11,105.2","$ 5,595.9","$ 2,595.1","$ 1,460.3","$ 1,601.3","$ 10,157.9","$ 2,000.5","$ 3,735.6","$ 2,123.5","$ 2,298.3","$ 52,923.6","$ 53,304.5","$ 106,228.1","$ 204,803.3",,Hide,Direct,,,,TRUE,
,Var_to_Plan,,,Var to Plan,$ 228.5,$ (239.7),$ (277.0),$ (177.9),$ 923.1,"$ 1,628.2","$ (1,549.1)",$ 233.2,$ 53.9,"$ 1,743.9","$ 1,146.3","$ (1,272.0)",$ (846.4),$ (783.6),$ 672.4,$ (314.4),$ (214.2),$ (938.9),$ (25.8),$ 225.6,$ 524.9,$ (814.7),$ (298.6),$ (297.7),$ (517.7),$ (170.1),$ 469.4,$ 288.7,$ 472.2,$ (256.3),$ (369.4),$ 442.2,$ 584.6,$ (740.2),$ (155.6),$ (34.8),$ 85.7,$ 128.7,$ (203.8),$ (45.4),$ (120.7),$ (140.6),$ 347.7,$ (363.2),$ (182.5),$ 217.9,$ 339.4,$ 635.3,$ (197.1),$ 69.6,$ (168.4),$ 415.5,$ 429.5,$ (36.4),$ (68.2),$ 90.6,$ (509.0),$ (4.7),$ (609.4),$ (19.8),$ 99.6,$ 25.3,"$ (1,661.5)","$ 1,682.8","$ (2,024.7)","$ (1,359.3)",$ 39.7,$ 183.9,"$ (1,755.0)","$ (1,571.2)","$ (1,726.8)",,Hide,Direct,,,,TRUE,
,TDPT,,,Target,"$ 12,653.4","$ 3,557.6","$ 2,831.6","$ 1,495.2","$ 4,769.0","$ 22,839.4","$ 3,564.3","$ 5,115.4","$ 2,288.5","$ 6,925.8","$ 4,945.3","$ 19,790.2","$ 3,935.3","$ 4,530.9","$ 6,389.1","$ 4,934.9","$ 16,637.1","$ 5,822.1","$ 3,559.5","$ 2,991.7","$ 4,263.8","$ 15,172.1","$ 2,954.0","$ 4,997.8","$ 2,876.0","$ 2,116.9","$ 2,227.3","$ 9,063.1","$ 2,821.8","$ 2,577.2","$ 1,626.4","$ 2,037.8","$ 55,283.0","$ 40,872.4","$ 96,155.4","$ 10,529.0","$ 2,657.0","$ 2,727.5","$ 1,839.7","$ 3,304.9","$ 24,219.1","$ 3,945.5","$ 4,056.1","$ 7,001.2","$ 3,360.8","$ 5,855.5","$ 18,486.5","$ 5,236.7","$ 4,184.3","$ 3,021.3","$ 6,044.2","$ 21,755.8","$ 4,188.0","$ 5,625.0","$ 4,303.2","$ 7,639.5","$ 22,282.3","$ 11,066.4","$ 5,573.2","$ 2,543.3","$ 1,527.5","$ 1,571.9","$ 9,159.0","$ 3,617.2","$ 1,858.4",$ 897.3,"$ 2,786.0","$ 53,234.6","$ 53,197.1","$ 106,431.7","$ 202,587.2",,Hide,Direct,,,,TRUE,
,TLRP,,,LY,"$ 10,103.3","$ 2,619.1","$ 3,114.8","$ 1,263.0","$ 3,106.3","$ 22,188.6","$ 4,947.7","$ 4,484.3","$ 1,996.2","$ 6,105.9","$ 4,654.5","$ 16,136.1","$ 3,417.9","$ 2,127.7","$ 6,027.4","$ 4,563.2","$ 17,021.3","$ 6,466.1","$ 3,413.9","$ 2,937.8","$ 4,203.4","$ 13,782.7","$ 2,785.7","$ 4,247.4","$ 2,990.3","$ 1,956.8","$ 1,802.5","$ 8,157.1","$ 2,361.7","$ 2,489.8","$ 1,699.8","$ 1,605.7","$ 48,428.0","$ 38,961.1","$ 87,389.1","$ 9,686.1","$ 2,295.1","$ 2,193.6","$ 1,817.4","$ 3,379.9","$ 22,343.4","$ 3,812.5","$ 4,726.0","$ 5,487.8","$ 2,972.5","$ 5,344.5","$ 18,077.6","$ 4,571.5","$ 3,993.1","$ 4,098.3","$ 5,414.7","$ 27,311.8","$ 5,393.7","$ 4,270.1","$ 7,187.3","$ 10,460.7","$ 14,989.8","$ 5,256.3","$ 4,215.2","$ 2,354.3","$ 1,512.9","$ 1,651.1","$ 8,038.1","$ 3,401.2","$ 1,733.6",$ 774.0,"$ 2,129.3","$ 50,107.0","$ 50,339.8","$ 100,446.8","$ 187,835.9",,Hide,Direct,,,,TRUE,
,LLY,,,LLY,"$ 13,360.9","$ 3,279.6","$ 3,995.5","$ 1,826.7","$ 4,259.1","$ 20,513.4","$ 5,299.6","$ 4,683.6","$ 2,184.6","$ 4,618.1","$ 3,727.4","$ 20,276.8","$ 6,492.8","$ 4,118.1","$ 5,534.5","$ 4,131.4","$ 18,871.6","$ 6,436.9","$ 4,081.8","$ 1,818.8","$ 6,534.2","$ 16,464.9","$ 5,149.9","$ 3,366.9","$ 2,762.0","$ 2,800.5","$ 2,385.6","$ 9,344.4","$ 3,091.2","$ 2,580.0","$ 1,443.7","$ 2,229.6","$ 54,151.1","$ 44,680.9","$ 98,832.0","$ 9,189.6","$ 1,457.0","$ 3,867.9","$ 2,493.1","$ 1,371.7","$ 21,589.4","$ 5,097.1","$ 4,616.3","$ 3,597.9","$ 2,161.4","$ 6,116.6","$ 17,746.6","$ 4,661.5","$ 3,140.0","$ 3,463.3","$ 6,481.8","$ 25,005.9","$ 5,107.3","$ 3,939.6","$ 6,022.0","$ 9,936.9","$ 13,630.5","$ 4,999.9","$ 3,942.2","$ 2,058.1","$ 1,234.9","$ 1,395.4","$ 8,517.6","$ 3,036.6","$ 2,721.8",$ 709.8,"$ 2,049.4","$ 48,525.6","$ 47,154.0","$ 95,679.6","$ 194,511.6",,Hide,Direct,,,,TRUE,
,TDPPvsTDOP,,,Actual to Plan %,1.8%,-6.3%,-8.9%,-10.6%,24.0%,7.7%,-30.3%,4.8%,2.4%,33.7%,30.2%,-6.0%,-17.7%,-14.7%,11.8%,-6.0%,-1.2%,-13.9%,-0.7%,6.4%,11.7%,-5.0%,-9.2%,-5.6%,-16.5%,-7.3%,21.4%,3.1%,17.0%,-9.3%,-21.0%,21.7%,1.1%,-1.7%,-0.2%,-0.3%,3.2%,5.3%,-10.5%,-1.3%,-0.5%,-3.4%,9.7%,-5.0%,-5.3%,3.7%,1.9%,14.5%,-4.6%,2.6%,-2.6%,2.0%,12.8%,-0.6%,-1.8%,1.1%,-2.3%,0.0%,-10.9%,-0.8%,6.8%,1.6%,-16.4%,84.1%,-54.2%,-64.0%,1.7%,0.3%,-3.3%,-1.5%,-0.8%,,Hide,Direct,,,,TRUE,
,TDPPvsTLRP,,,Actual to LY %,25.2%,35.8%,-9.1%,18.4%,53.5%,2.9%,-28.0%,14.1%,14.6%,13.4%,6.2%,22.6%,15.1%,113.0%,6.0%,8.1%,6.5%,-10.0%,4.2%,27.2%,19.2%,11.8%,5.5%,18.7%,-12.5%,9.9%,47.6%,17.7%,37.4%,-0.1%,-18.5%,54.6%,14.2%,10.7%,12.6%,8.5%,18.9%,17.5%,-4.8%,2.6%,8.8%,6.2%,-16.4%,25.8%,9.3%,15.3%,1.2%,9.8%,2.2%,-32.2%,18.4%,-22.4%,-29.9%,32.8%,-47.6%,-23.6%,45.8%,111.2%,18.3%,9.4%,3.1%,-1.5%,5.7%,8.3%,-1.3%,-1.3%,9.8%,6.0%,2.4%,4.2%,8.1%,,Hide,Direct,,,,TRUE,
,TDPP,Sls Total MD Rtl,Direct Markdown Sales,Actual (TY) / Forecast,"$ 4,478.2",$ 532.2,$ 916.1,"$ 1,311.3","$ 1,718.6","$ 6,169.7",$ 731.8,$ 775.1,"$ 1,744.9","$ 1,169.3","$ 1,748.7","$ 4,996.6","$ 2,377.3",$ 359.4,"$ 1,073.8","$ 1,186.2","$ 6,369.9",$ 965.8,$ 754.4,"$ 2,679.1","$ 1,970.6","$ 7,334.4",$ 305.6,$ 926.2,"$ 1,407.3","$ 1,723.8","$ 2,971.4","$ 9,979.9","$ 1,857.2","$ 2,740.7","$ 3,396.2","$ 1,985.7","$ 15,644.5","$ 23,684.2","$ 39,328.7","$ 5,824.4","$ 1,048.8","$ 1,010.7","$ 1,589.3","$ 2,175.6","$ 5,013.6","$ 1,822.4",$ 976.2,$ 470.7,$ 858.4,$ 885.9,"$ 4,738.6","$ 1,397.3","$ 1,108.3","$ 1,153.8","$ 1,079.2","$ 4,817.3",$ 977.5,"$ 1,028.0","$ 1,778.1","$ 1,033.7","$ 7,796.2","$ 1,606.0",$ 782.8,$ 996.3,"$ 2,041.9","$ 2,369.2","$ 6,692.9","$ 1,993.0","$ 1,342.0","$ 2,361.9",$ 996.0,"$ 15,576.6","$ 19,306.5","$ 34,883.1","$ 74,211.8",,Hide,Direct,,,,FALSE,
,TDLP,,,Forecast,"$ 3,810.7",$ 447.0,"$ 1,032.5","$ 1,100.0","$ 1,231.2","$ 6,204.3","$ 1,142.0","$ 1,146.2","$ 1,627.5","$ 1,102.0","$ 1,186.7","$ 4,885.0","$ 1,338.8",$ 933.2,"$ 1,066.0","$ 1,547.1","$ 6,994.7","$ 1,061.7",$ 873.6,"$ 2,975.0","$ 2,084.4","$ 8,899.7",$ 699.9,$ 720.0,"$ 1,219.5","$ 2,656.9","$ 3,603.4","$ 8,166.7","$ 1,948.0","$ 1,857.4","$ 2,649.1","$ 1,712.1","$ 14,900.1","$ 24,061.0","$ 38,961.1","$ 5,792.3","$ 1,037.5","$ 1,010.7","$ 1,568.5","$ 2,175.6","$ 5,007.3","$ 1,816.1",$ 976.2,$ 470.7,$ 858.4,$ 885.9,"$ 4,441.0","$ 1,266.4","$ 1,061.3","$ 1,079.8","$ 1,033.5","$ 4,824.8",$ 979.0,"$ 1,029.6","$ 1,780.8","$ 1,035.3","$ 7,796.2","$ 1,606.0",$ 782.8,$ 996.3,"$ 2,041.9","$ 2,369.2","$ 6,692.9","$ 1,993.0","$ 1,342.0","$ 2,361.9",$ 996.0,"$ 15,240.6","$ 19,314.0","$ 34,554.5","$ 73,515.6",,Hide,Direct,,,,TRUE,
,TDOP,,,Plan,"$ 4,803.2",$ 508.9,"$ 1,128.2","$ 1,800.2","$ 1,365.8","$ 6,209.9",$ 917.3,"$ 1,346.4","$ 1,961.2",$ 927.9,"$ 1,057.1","$ 4,856.6","$ 1,350.7",$ 831.5,"$ 1,001.3","$ 1,673.1","$ 6,221.3","$ 1,175.5","$ 1,340.9","$ 1,941.8","$ 1,763.2","$ 8,620.8","$ 1,260.6",$ 732.4,"$ 1,240.6","$ 2,288.7","$ 3,098.6","$ 7,858.4","$ 1,336.3","$ 2,099.5","$ 3,114.7","$ 1,307.9","$ 15,869.6","$ 22,700.6","$ 38,570.2","$ 5,876.5","$ 1,163.2",$ 999.2,"$ 1,597.5","$ 2,116.5","$ 4,838.4","$ 1,738.2",$ 827.7,$ 600.9,$ 828.8,$ 842.8,"$ 3,753.5","$ 1,084.1",$ 958.8,$ 893.2,$ 817.4,"$ 4,434.0",$ 873.4,"$ 1,000.6","$ 1,557.5","$ 1,002.5","$ 7,587.1","$ 1,576.2",$ 882.3,$ 973.8,"$ 1,874.0","$ 2,280.8","$ 5,896.9","$ 1,541.8","$ 1,869.6","$ 1,891.5",$ 594.1,"$ 14,468.4","$ 17,918.1","$ 32,386.4","$ 70,956.6",,Hide,Direct,,,,TRUE,
,Var_to_Plan,,,Var to Plan,$ (324.9),$ 23.3,$ (212.1),$ (488.9),$ 352.8,$ (40.2),$ (185.5),$ (571.3),$ (216.4),$ 241.3,$ 691.6,$ 140.0,"$ 1,026.6",$ (472.2),$ 72.5,$ (486.9),$ 148.6,$ (209.6),$ (586.4),$ 737.3,$ 207.4,"$ (1,286.5)",$ (955.0),$ 193.8,$ 166.7,$ (564.8),$ (127.1),"$ 2,121.5",$ 520.9,$ 641.3,$ 281.5,$ 677.8,$ (225.1),$ 983.7,$ 758.5,$ (52.1),$ (114.4),$ 11.5,$ (8.3),$ 59.1,$ 175.2,$ 84.2,$ 148.5,$ (130.2),$ 29.6,$ 43.1,$ 985.1,$ 313.2,$ 149.5,$ 260.6,$ 261.8,$ 383.3,$ 104.1,$ 27.3,$ 220.5,$ 31.3,$ 209.1,$ 29.8,$ (99.5),$ 22.6,$ 167.8,$ 88.4,$ 796.0,$ 451.2,$ (527.6),$ 470.4,$ 402.0,"$ 1,108.2","$ 1,388.5","$ 2,496.7","$ 3,255.2",,Hide,Direct,,,,TRUE,
,TDPT,,,Target,"$ 4,478.2",$ 532.2,$ 916.1,"$ 1,311.3","$ 1,718.6","$ 6,169.7",$ 731.8,$ 775.1,"$ 1,744.9","$ 1,169.3","$ 1,748.7","$ 4,996.6","$ 2,377.3",$ 359.4,"$ 1,073.8","$ 1,186.2","$ 6,694.5",$ 965.8,$ 755.0,"$ 2,878.0","$ 2,095.7","$ 9,337.1","$ 2,037.7",$ 866.6,"$ 1,326.7","$ 2,253.6","$ 2,852.5","$ 8,884.6","$ 1,514.9","$ 2,957.0","$ 3,058.2","$ 1,354.5","$ 15,644.5","$ 24,916.2","$ 40,560.7","$ 5,990.8","$ 1,120.5","$ 1,031.9","$ 1,688.5","$ 2,149.9","$ 5,144.8","$ 1,754.1",$ 939.6,$ 507.4,$ 994.4,$ 949.4,"$ 4,519.3","$ 1,321.9","$ 1,146.8","$ 1,059.1",$ 991.5,"$ 4,925.3","$ 1,049.0","$ 1,044.9","$ 1,784.1","$ 1,047.4","$ 7,946.2","$ 1,624.2",$ 889.6,"$ 1,026.0","$ 1,986.5","$ 2,420.0","$ 6,927.4","$ 1,998.5","$ 1,302.6","$ 2,656.6",$ 969.7,"$ 15,655.0","$ 19,799.0","$ 35,454.0","$ 76,014.7",,Hide,Direct,,,,TRUE,
,TLRP,,,LY,"$ 6,052.9",$ 418.7,"$ 1,281.0","$ 2,863.0","$ 1,490.2","$ 8,274.9","$ 1,091.4","$ 1,856.3","$ 2,343.8","$ 1,214.8","$ 1,768.6","$ 5,260.6",$ 613.7,"$ 1,553.9","$ 1,232.3","$ 1,860.7","$ 6,617.5","$ 1,306.7","$ 1,146.8","$ 2,171.1","$ 1,992.9","$ 9,810.9","$ 1,308.6",$ 809.6,$ 727.6,"$ 3,259.2","$ 3,706.0","$ 8,445.3","$ 1,802.1","$ 2,540.9","$ 2,814.7","$ 1,287.5","$ 19,588.3","$ 24,873.6","$ 44,461.9","$ 6,297.5","$ 1,154.2","$ 1,605.4","$ 1,294.1","$ 2,243.8","$ 4,343.9","$ 1,832.3",$ 630.9,$ 425.0,$ 635.7,$ 820.0,"$ 3,698.9",$ 775.6,"$ 1,007.7","$ 1,013.0",$ 902.6,"$ 5,185.9",$ 939.3,"$ 1,669.6","$ 1,002.2","$ 1,574.7","$ 7,016.2",$ 964.3,$ 744.0,$ 965.6,"$ 2,145.3","$ 2,197.1","$ 6,361.7","$ 1,879.4","$ 1,422.6","$ 2,467.7",$ 592.0,"$ 14,340.3","$ 18,563.8","$ 32,904.2","$ 77,366.1",,Hide,Direct,,,,TRUE,
,LLY,,,LLY,"$ 3,667.0",$ 769.0,$ 617.6,"$ 1,258.5","$ 1,021.9","$ 7,246.7","$ 1,078.1","$ 2,575.3","$ 1,747.7",$ 823.8,"$ 1,021.8","$ 5,336.7","$ 1,056.5","$ 1,992.3",$ 939.3,"$ 1,348.7","$ 5,273.3","$ 1,121.3",$ 899.8,"$ 1,132.5","$ 2,119.8","$ 8,233.8",$ 718.4,$ 550.4,"$ 1,917.8","$ 2,388.9","$ 2,658.3","$ 7,610.9","$ 2,561.5","$ 1,828.5","$ 2,190.8","$ 1,030.1","$ 16,250.4","$ 21,118.1","$ 37,368.5","$ 6,285.3","$ 1,427.6","$ 1,330.9","$ 1,793.3","$ 1,733.5","$ 4,463.4","$ 1,376.5",$ 309.8,$ 519.9,"$ 1,464.0",$ 793.2,"$ 5,535.1","$ 1,480.9","$ 1,129.9","$ 1,973.0",$ 951.3,"$ 5,816.1",$ 792.8,"$ 2,124.3","$ 1,250.3","$ 1,648.8","$ 12,362.0","$ 1,003.8","$ 1,060.5","$ 1,488.8","$ 3,329.9","$ 5,479.0","$ 6,254.9","$ 1,887.9","$ 3,022.9","$ 1,103.7",$ 240.4,"$ 16,283.8","$ 24,433.0","$ 40,716.9","$ 78,085.3",,Hide,Direct,,,,TRUE,
,TDPPvsTDOP,,,Actual to Plan %,-6.8%,4.6%,-18.8%,-27.2%,25.8%,-0.6%,-20.2%,-42.4%,-11.0%,26.0%,65.4%,2.9%,76.0%,-56.8%,7.2%,-29.1%,2.4%,-17.8%,-43.7%,38.0%,11.8%,-14.9%,-75.8%,26.5%,13.4%,-24.7%,-4.1%,27.0%,39.0%,30.5%,9.0%,51.8%,-1.4%,4.3%,2.0%,-0.9%,-9.8%,1.2%,-0.5%,2.8%,3.6%,4.8%,17.9%,-21.7%,3.6%,5.1%,26.2%,28.9%,15.6%,29.2%,32.0%,8.6%,11.9%,2.7%,14.2%,3.1%,2.8%,1.9%,-11.3%,2.3%,9.0%,3.9%,13.5%,29.3%,-28.2%,24.9%,67.7%,7.7%,7.7%,7.7%,4.6%,,Hide,Direct,,,,TRUE,
,TDPPvsTLRP,,,Actual to LY %,-26.0%,27.1%,-28.5%,-54.2%,15.3%,-25.4%,-32.9%,-58.2%,-25.6%,-3.7%,-1.1%,-5.0%,287.4%,-76.9%,-12.9%,-36.3%,-3.7%,-26.1%,-34.2%,23.4%,-1.1%,-25.2%,-76.6%,14.4%,93.4%,-47.1%,-19.8%,18.2%,3.1%,7.9%,20.7%,54.2%,-20.1%,-4.8%,-11.5%,-7.5%,-9.1%,-37.0%,22.8%,-3.0%,15.4%,-0.5%,54.7%,10.8%,35.0%,8.0%,28.1%,80.2%,10.0%,13.9%,19.6%,-7.1%,4.1%,-38.4%,77.4%,-34.4%,11.1%,66.6%,5.2%,3.2%,-4.8%,7.8%,5.2%,6.0%,-5.7%,-4.3%,68.3%,8.6%,4.0%,6.0%,-4.1%,,Hide,Direct,,,,TRUE,
,TDPP,Sls Total U,Direct Total Sales Units,Actual (TY) / Forecast,392.3,83.9,87.2,73.3,147.8,660.5,92.2,131.9,104.2,172.9,159.3,544.2,166.9,107.0,145.8,124.5,605.2,149.4,96.8,173.8,185.2,574.5,69.0,137.7,99.0,99.2,169.6,592.5,140.7,157.0,172.3,122.5,"1,597.0","1,772.2","3,369.2",429.6,91.2,89.0,105.5,143.9,611.9,149.7,105.3,142.2,80.0,134.6,452.4,144.3,104.2,74.4,129.5,545.0,94.9,131.8,131.9,186.4,753.8,300.3,141.4,89.7,100.2,122.1,444.4,158.6,94.6,121.3,69.9,"1,493.9","1,743.2","3,237.1","6,606.3",,Hide,Direct,,,,FALSE,
,TDLP,,,Forecast,365.5,82.5,89.9,63.0,129.9,621.6,128.4,127.4,107.4,137.9,120.5,624.6,146.1,149.9,159.5,169.1,638.0,170.1,98.5,190.1,179.3,630.6,81.7,118.6,99.1,141.9,189.3,524.9,142.2,125.0,146.4,111.3,"1,611.7","1,793.4","3,405.1",430.0,89.4,90.8,105.8,143.9,602.7,147.0,104.1,142.9,78.2,130.5,440.4,138.0,102.7,71.6,128.2,546.0,97.7,132.0,134.8,181.5,764.4,300.3,144.8,95.6,101.5,122.1,444.4,158.6,94.6,121.3,69.9,"1,473.1","1,754.7","3,227.8","6,633.0",,Hide,Direct,,,,TRUE,
,TDOP,,,Plan,406.4,87.7,103.5,93.4,121.7,589.9,120.9,141.5,120.5,111.0,95.9,548.7,127.3,130.6,133.3,157.5,572.6,178.1,118.7,128.2,147.6,610.4,98.1,133.0,102.4,120.4,156.4,536.1,112.1,142.4,184.6,97.1,"1,545.0","1,719.1","3,264.0",445.3,95.6,88.9,114.3,146.5,591.1,150.1,83.0,150.1,80.8,127.1,397.7,116.0,99.8,61.1,120.8,524.0,80.0,128.2,123.7,192.2,749.0,307.4,151.6,82.9,88.7,118.3,434.4,102.1,154.7,122.2,55.4,"1,434.2","1,707.4","3,141.6","6,405.6",,Hide,Direct,,,,TRUE,
,Var_to_Plan,,,Var to Plan,-14.1,-3.8,-16.3,-20.0,26.1,70.6,-28.7,-9.6,-16.3,61.9,63.4,-4.5,39.7,-23.6,12.5,-33.0,32.6,-28.7,-21.9,45.6,37.6,-35.9,-29.1,4.7,-3.5,-21.2,13.2,56.4,28.7,14.6,-12.3,25.4,52.0,53.1,105.2,-15.7,-4.4,0.1,-8.8,-2.6,20.7,-0.4,22.3,-7.9,-0.8,7.5,54.7,28.3,4.4,13.3,8.7,21.0,14.9,3.7,8.2,-5.8,4.8,-7.0,-10.2,6.8,11.4,3.8,9.9,56.5,-60.1,-1.0,14.5,59.7,35.7,95.5,200.6,,Hide,Direct,,,,TRUE,
,TDPT,,,Target,392.3,83.9,87.2,73.3,147.8,660.5,92.2,131.9,104.2,172.9,159.3,544.2,166.9,107.0,145.8,124.5,600.6,149.4,96.9,180.9,173.4,654.6,132.1,135.5,108.5,127.7,150.8,622.4,120.0,197.6,201.0,103.8,"1,597.0","1,877.5","3,474.6",454.0,96.6,97.8,112.7,146.8,611.6,144.2,106.5,145.2,84.9,130.8,453.9,147.3,111.9,73.8,120.9,560.4,102.3,130.3,141.6,186.2,783.6,316.2,157.0,90.5,95.0,124.8,468.8,158.5,97.2,137.9,75.2,"1,519.4","1,812.8","3,332.2","6,806.8",,Hide,Direct,,,,TRUE,
,TLRP,,,LY,389.8,51.9,101.8,134.9,101.2,748.2,127.2,160.3,132.9,159.7,168.0,457.4,83.6,83.8,141.0,149.0,554.9,174.8,106.6,125.1,148.5,629.3,90.2,114.8,85.4,161.6,177.3,534.7,121.6,157.1,169.9,86.1,"1,595.4","1,718.9","3,314.3",450.4,87.6,112.0,99.1,151.7,537.8,149.0,95.0,114.9,64.8,114.2,394.7,103.9,96.4,87.4,107.0,717.4,121.3,126.1,173.5,296.6,567.6,146.9,119.9,83.5,100.0,117.2,426.3,147.8,99.9,126.7,52.0,"1,382.9","1,711.3","3,094.2","6,408.5",,Hide,Direct,,,,TRUE,
,LLY,,,LLY,341.7,83.2,95.5,64.9,98.2,613.5,131.4,182.4,103.8,100.0,95.8,555.3,163.5,144.7,129.5,117.6,548.4,170.7,113.1,64.8,199.7,597.1,117.6,77.0,132.1,137.8,132.6,435.7,155.6,113.4,99.9,66.7,"1,510.5","1,581.2","3,091.7",402.2,72.8,122.2,121.8,85.5,501.0,133.3,85.1,73.1,84.1,125.4,503.0,136.3,99.1,131.2,136.4,693.4,117.7,137.5,155.5,282.7,751.4,146.6,119.5,90.6,139.7,254.9,426.7,134.9,190.5,62.7,38.5,"1,406.2","1,871.4","3,277.7","6,369.3",,Hide,Direct,,,,TRUE,
,TDPPvsTDOP,,,Actual to Plan %,-3.5%,-4.3%,-15.8%,-21.4%,21.4%,12.0%,-23.7%,-6.8%,-13.5%,55.7%,66.1%,-0.8%,31.2%,-18.1%,9.4%,-21.0%,5.7%,-16.1%,-18.4%,35.6%,25.5%,-5.9%,-29.6%,3.5%,-3.4%,-17.6%,8.4%,10.5%,25.6%,10.3%,-6.7%,26.2%,3.4%,3.1%,3.2%,-3.5%,-4.6%,0.1%,-7.7%,-1.8%,3.5%,-0.3%,26.9%,-5.3%,-1.0%,5.9%,13.8%,24.4%,4.4%,21.7%,7.2%,4.0%,18.7%,2.9%,6.6%,-3.0%,0.6%,-2.3%,-6.7%,8.2%,12.9%,3.2%,2.3%,55.4%,-38.8%,-0.8%,26.2%,4.2%,2.1%,3.0%,3.1%,,Hide,Direct,,,,TRUE,
,TDPPvsTLRP,,,Actual to LY %,0.6%,61.7%,-14.3%,-45.6%,46.1%,-11.7%,-27.5%,-17.7%,-21.6%,8.3%,-5.2%,19.0%,99.7%,27.7%,3.4%,-16.4%,9.1%,-14.5%,-9.1%,38.9%,24.7%,-8.7%,-23.5%,19.9%,15.9%,-38.6%,-4.3%,10.8%,15.7%,0.0%,1.4%,42.2%,0.1%,3.1%,1.7%,-4.6%,4.1%,-20.5%,6.5%,-5.1%,13.8%,0.5%,10.9%,23.8%,23.5%,17.9%,14.6%,38.9%,8.1%,-14.9%,21.1%,-24.0%,-21.7%,4.6%,-24.0%,-37.1%,32.8%,104.4%,18.0%,7.4%,0.1%,4.2%,4.2%,7.3%,-5.2%,-4.3%,34.4%,8.0%,1.9%,4.6%,3.1%,,Hide,Direct,,,,TRUE,
,TDPP,Sls Total FP U,Direct Full Price Sales Units,Actual (TY) / Forecast,243.7,70.3,54.4,26.9,92.2,454.7,70.5,107.2,46.6,136.2,94.2,371.2,71.9,96.5,117.9,84.9,353.8,118.0,73.0,65.2,97.6,314.5,63.0,109.4,55.1,40.1,46.9,181.2,69.5,50.7,24.8,36.2,"1,069.6",849.5,"1,919.1",195.5,53.2,48.8,34.9,58.6,424.2,63.6,69.3,127.9,56.3,107.1,303.0,93.7,67.4,42.9,99.0,377.7,62.0,95.8,68.1,151.7,450.5,239.1,111.1,53.3,22.2,24.7,153.9,73.4,32.3,11.5,36.7,922.7,982.1,"1,904.8","3,823.8",,Hide,Direct,,,,FALSE,
,TDLP,,,Forecast,235.6,69.7,54.6,23.6,87.6,405.2,93.3,91.7,43.6,102.9,73.8,448.1,92.2,118.8,125.7,111.4,347.1,134.8,70.2,53.9,88.1,290.5,60.6,95.2,58.0,36.9,39.7,171.8,58.8,51.6,27.0,34.5,"1,088.9",809.4,"1,898.3",193.5,51.8,48.8,34.3,58.6,414.4,61.2,68.1,127.9,54.5,102.7,300.6,92.1,67.4,42.2,99.0,378.4,64.7,96.0,71.0,146.6,461.1,239.1,114.5,59.2,23.5,24.7,153.9,73.4,32.3,11.5,36.7,908.6,993.4,"1,902.0","3,800.2",,Hide,Direct,,,,TRUE,
,TDOP,,,Plan,241.1,73.0,65.0,28.8,74.3,379.2,96.2,99.4,41.1,82.0,60.5,383.8,84.1,105.8,103.5,90.3,342.8,137.7,73.1,54.9,77.1,306.4,57.8,110.3,62.2,40.8,35.4,177.3,55.0,53.9,37.0,31.3,"1,004.0",826.4,"1,830.5",191.5,51.4,43.2,37.6,59.3,415.1,64.4,60.3,131.5,58.1,100.8,277.5,74.7,66.9,39.8,96.0,370.2,50.3,94.6,68.2,157.1,456.2,244.9,119.2,49.6,20.2,22.3,179.3,30.2,72.8,40.2,36.0,884.0,"1,005.7","1,889.7","3,720.2",,Hide,Direct,,,,TRUE,
,Var_to_Plan,,,Var to Plan,2.7,-2.7,-10.6,-1.9,17.8,75.5,-25.8,7.8,5.5,54.2,33.6,-12.6,-12.3,-9.3,14.4,-5.4,11.1,-19.7,0.0,10.3,20.6,8.1,5.2,-0.8,-7.1,-0.7,11.5,3.9,14.5,-3.3,-12.3,4.9,65.5,23.1,88.6,4.1,1.9,5.6,-2.7,-0.6,9.1,-0.8,8.9,-3.6,-1.7,6.3,25.5,19.0,0.5,3.1,2.9,7.5,11.8,1.2,0.0,-5.4,-5.7,-5.8,-8.1,3.8,2.0,2.4,-25.4,43.1,-40.5,-28.7,0.7,38.7,-23.6,15.1,103.7,,Hide,Direct,,,,TRUE,
,TDPT,,,Target,243.7,70.3,54.4,26.9,92.2,454.7,70.5,107.2,46.6,136.2,94.2,371.2,71.9,96.5,117.9,84.9,325.4,118.0,73.1,50.7,83.6,304.1,58.4,108.1,61.1,40.5,35.9,176.8,56.9,51.4,32.1,36.4,"1,069.6",806.2,"1,875.8",195.3,52.2,51.0,35.5,56.6,424.4,61.8,72.1,129.7,58.6,102.2,298.4,93.5,68.8,46.0,90.2,387.7,66.5,93.4,77.8,150.1,472.2,250.3,123.6,53.5,22.1,22.6,163.1,71.6,34.6,13.5,43.5,918.0,"1,023.0","1,941.1","3,816.9",,Hide,Direct,,,,TRUE,
,TLRP,,,LY,173.3,45.7,59.2,18.4,50.0,422.0,96.1,88.2,35.2,114.5,88.0,282.0,64.4,37.2,103.7,76.6,316.2,131.0,69.3,46.4,69.5,268.0,49.0,90.1,65.1,35.8,28.1,158.6,46.9,51.2,38.6,22.1,877.2,742.9,"1,620.1",179.7,43.7,38.5,38.2,59.3,382.3,58.6,81.0,101.7,50.3,90.7,285.1,78.5,64.9,62.6,79.0,530.2,88.2,70.1,139.0,233.0,298.4,111.3,92.1,48.7,21.6,24.8,142.2,66.3,31.7,11.4,32.7,847.1,970.9,"1,817.9","3,438.0",,Hide,Direct,,,,TRUE,
,LLY,,,LLY,238.6,62.3,77.8,30.8,67.7,358.3,99.6,85.3,36.2,75.7,61.6,382.3,129.9,81.8,98.1,72.5,367.1,133.8,83.0,29.8,120.4,309.4,97.2,63.4,58.0,54.2,36.6,169.5,59.6,48.9,27.0,34.0,979.1,846.0,"1,825.2",173.2,22.4,77.3,50.2,23.4,348.1,81.1,75.0,57.5,32.8,101.7,298.6,78.4,53.5,59.7,106.9,494.5,89.6,67.3,113.9,223.7,273.7,111.8,86.0,41.5,15.8,18.7,142.8,51.4,49.2,10.0,32.1,819.8,911.0,"1,730.8","3,556.0",,Hide,Direct,,,,TRUE,
,TDPPvsTDOP,,,Actual to Plan %,1.1%,-3.7%,-16.3%,-6.5%,24.0%,19.9%,-26.8%,7.9%,13.5%,66.1%,55.6%,-3.3%,-14.6%,-8.8%,14.0%,-6.0%,3.2%,-14.3%,-0.1%,18.7%,26.7%,2.6%,8.9%,-0.7%,-11.4%,-1.7%,32.5%,2.2%,26.3%,-6.0%,-33.1%,15.8%,6.5%,2.8%,4.8%,2.1%,3.6%,12.8%,-7.3%,-1.0%,2.2%,-1.2%,14.8%,-2.7%,-3.0%,6.2%,9.2%,25.4%,0.8%,7.7%,3.0%,2.0%,23.4%,1.3%,-0.1%,-3.5%,-1.3%,-2.4%,-6.8%,7.6%,10.0%,10.6%,-14.2%,142.7%,-55.6%,-71.3%,1.9%,4.4%,-2.4%,0.8%,2.8%,,Hide,Direct,,,,TRUE,
,TDPPvsTLRP,,,Actual to LY %,40.7%,53.9%,-8.1%,46.1%,84.3%,7.7%,-26.7%,21.6%,32.4%,19.0%,7.0%,31.6%,11.6%,159.1%,13.7%,10.9%,11.9%,-10.0%,5.4%,40.5%,40.4%,17.3%,28.5%,21.5%,-15.5%,12.2%,67.1%,14.2%,48.4%,-0.9%,-35.8%,64.2%,21.9%,14.4%,18.5%,8.8%,21.8%,26.6%,-8.7%,-1.0%,11.0%,8.5%,-14.5%,25.8%,12.0%,18.1%,6.3%,19.3%,3.8%,-31.4%,25.2%,-28.8%,-29.7%,36.7%,-51.0%,-34.9%,51.0%,114.8%,20.7%,9.4%,3.1%,-0.2%,8.2%,10.7%,1.8%,0.9%,12.2%,8.9%,1.2%,4.8%,11.2%,,Hide,Direct,,,,TRUE,
,TDPP,Sls Total MD U,Direct Markdown Sales Units,Actual (TY) / Forecast,148.6,13.7,32.8,46.4,55.6,205.8,21.8,24.7,57.6,36.7,65.1,173.1,95.1,10.5,27.9,39.6,251.3,31.4,23.8,108.6,87.6,260.0,6.1,28.2,43.9,59.1,122.7,411.3,71.2,106.4,147.5,86.3,527.5,922.7,"1,450.1",234.1,38.0,40.2,70.6,85.3,187.7,86.1,36.0,14.3,23.7,27.6,149.4,50.6,36.8,31.5,30.5,167.4,32.9,36.0,63.8,34.7,303.3,61.2,30.3,36.4,77.9,97.4,290.5,85.2,62.3,109.7,33.2,571.2,761.1,"1,332.3","2,782.4",,Hide,Direct,,,,FALSE,
,TDLP,,,Forecast,129.8,12.8,35.3,39.4,42.3,216.4,35.1,35.7,63.8,35.1,46.8,176.5,53.9,31.1,33.8,57.7,290.9,35.3,28.3,136.2,91.2,340.1,21.1,23.4,41.0,105.0,149.5,353.1,83.4,73.4,119.4,76.8,522.8,984.1,"1,506.8",236.5,37.6,42.0,71.6,85.3,188.3,85.8,36.0,15.0,23.7,27.8,139.8,45.9,35.2,29.4,29.2,167.6,32.9,36.1,63.9,34.8,303.3,61.2,30.3,36.4,77.9,97.4,290.5,85.2,62.3,109.7,33.2,564.5,761.4,"1,325.9","2,832.7",,Hide,Direct,,,,TRUE,
,TDOP,,,Plan,165.3,14.8,38.6,64.6,47.4,210.7,24.7,42.2,79.4,29.1,35.4,164.9,43.1,24.8,29.8,67.2,229.8,40.4,45.6,73.3,70.5,304.0,40.3,22.7,40.3,79.6,121.0,358.8,57.0,88.5,147.5,65.8,541.0,892.6,"1,433.6",253.9,44.2,45.7,76.7,87.2,176.1,85.8,22.7,18.7,22.7,26.3,120.2,41.3,32.9,21.3,24.8,153.9,29.7,33.5,55.5,35.1,292.7,62.4,32.4,33.4,68.5,96.0,255.1,71.8,81.9,82.0,19.4,550.2,701.7,"1,251.9","2,685.4",,Hide,Direct,,,,TRUE,
,Var_to_Plan,,,Var to Plan,-16.7,-1.1,-5.8,-18.2,8.2,-4.9,-3.0,-17.5,-21.9,7.7,29.7,8.1,51.9,-14.3,-1.9,-27.6,21.6,-9.0,-21.8,35.3,17.1,-44.0,-34.2,5.5,3.6,-20.5,1.7,52.5,14.2,17.9,0.0,20.5,-13.5,30.1,16.6,-19.8,-6.2,-5.5,-6.1,-2.0,11.6,0.3,13.4,-4.3,1.0,1.3,29.2,9.4,3.9,10.2,5.7,13.5,3.2,2.5,8.2,-0.3,10.5,-1.2,-2.1,3.0,9.4,1.4,35.3,13.4,-19.6,27.7,13.8,21.0,59.4,80.4,97.0,,Hide,Direct,,,,TRUE,
,TDPT,,,Target,148.6,13.7,32.8,46.4,55.6,205.8,21.8,24.7,57.6,36.7,65.1,173.1,95.1,10.5,27.9,39.6,275.2,31.4,23.8,130.2,89.8,350.4,73.7,27.3,47.4,87.1,114.9,445.7,63.1,146.2,169.0,67.4,527.5,"1,071.3","1,598.8",258.7,44.4,46.9,77.2,90.2,187.2,82.4,34.4,15.5,26.3,28.6,155.5,53.8,43.1,27.9,30.7,172.7,35.8,36.9,63.8,36.2,311.4,65.8,33.4,37.0,72.9,102.2,305.7,86.9,62.6,124.4,31.7,601.4,789.7,"1,391.1","2,989.9",,Hide,Direct,,,,TRUE,
,TLRP,,,LY,216.5,6.2,42.6,116.5,51.2,326.2,31.1,72.2,97.7,45.2,80.0,175.4,19.2,46.6,37.3,72.4,238.7,43.7,37.3,78.7,78.9,361.3,41.2,24.7,20.2,125.9,149.2,376.1,74.8,105.9,131.3,64.1,718.1,976.0,"1,694.2",270.7,43.9,73.4,60.9,92.5,155.5,90.4,13.9,13.2,14.5,23.5,109.6,25.4,31.5,24.8,27.9,187.2,33.1,56.0,34.5,63.6,269.2,35.6,27.8,34.7,78.5,92.5,284.1,81.5,68.1,115.2,19.3,535.8,740.5,"1,276.3","2,970.5",,Hide,Direct,,,,TRUE,
,LLY,,,LLY,103.1,20.9,17.6,34.1,30.4,255.3,31.9,97.1,67.7,24.3,34.2,173.0,33.6,62.9,31.4,45.1,181.3,36.9,30.1,35.0,79.3,287.7,20.4,13.5,74.0,83.6,96.1,266.2,96.1,64.5,72.9,32.7,531.4,735.2,"1,266.5",229.1,50.4,45.0,71.6,62.1,152.9,52.2,10.1,15.5,51.3,23.8,204.4,57.8,45.6,71.4,29.5,198.9,28.1,70.2,41.5,59.0,477.7,34.8,33.5,49.2,124.0,236.3,283.9,83.5,141.3,52.7,6.4,586.4,960.5,"1,546.8","2,813.4",,Hide,Direct,,,,TRUE,
,TDPPvsTDOP,,,Actual to Plan %,-10.1%,-7.2%,-14.9%,-28.1%,17.4%,-2.3%,-12.0%,-41.4%,-27.5%,26.4%,84.0%,4.9%,120.5%,-57.7%,-6.4%,-41.1%,9.4%,-22.2%,-47.9%,48.2%,24.2%,-14.5%,-84.9%,24.3%,8.9%,-25.8%,1.4%,14.6%,24.8%,20.2%,0.0%,31.1%,-2.5%,3.4%,1.2%,-7.8%,-14.1%,-12.0%,-7.9%,-2.2%,6.6%,0.4%,59.0%,-23.2%,4.2%,4.8%,24.3%,22.7%,11.9%,48.0%,23.1%,8.8%,10.6%,7.4%,14.8%,-0.9%,3.6%,-2.0%,-6.4%,9.0%,13.7%,1.5%,13.8%,18.6%,-23.9%,33.8%,71.3%,3.8%,8.5%,6.4%,3.6%,,Hide,Direct,,,,TRUE,
,TDPPvsTLRP,,,Actual to LY %,-31.4%,119.5%,-23.0%,-60.1%,8.7%,-36.9%,-30.1%,-65.8%,-41.1%,-18.8%,-18.6%,-1.3%,396.2%,-77.5%,-25.2%,-45.3%,5.3%,-28.2%,-36.2%,37.9%,10.9%,-28.0%,-85.3%,14.2%,117.0%,-53.1%,-17.8%,9.4%,-4.8%,0.4%,12.3%,34.6%,-26.5%,-5.5%,-14.4%,-13.5%,-13.4%,-45.3%,16.0%,-7.8%,20.7%,-4.8%,158.4%,8.6%,63.7%,17.1%,36.3%,99.5%,17.0%,26.7%,9.3%,-10.6%,-0.6%,-35.7%,84.7%,-45.4%,12.7%,71.7%,8.8%,4.7%,-0.7%,5.4%,2.2%,4.6%,-8.5%,-4.8%,71.9%,6.6%,2.8%,4.4%,-6.3%,,Hide,Direct,,,,TRUE,
,,,,,,,,,,,,,,,,,,,,,,,,,,,,,,,,,,,,,,,,,,,,,,,,,,,,,,,,,,,,,,,,,,,,,,,,,,,,,,,,,,,
,,,,,,,,,,,,,,,,,,,,,,,,,,,,,,,,,,,,,,,,,,,,,,,,,,,,,,,,,,,,,,,,,,,,,,,,,,,,,,,,,,,
,,,,,,,,,,,,,,,,,,,,,,,,,,,,,,,,,,,,,,,,,,,,,,,,,,,,,,,,,,,,,,,,,,,,,,,,,,,,,,,,,,,
,,,,,,,,,,,,,,,,,,,,,,,,,,,,,,,,,,,,,,,,,,,,,,,,,,,,,,,,,,,,,,,,,,,,,,,,,,,,,,,,,,,